source_id,mission,instrument,sector,tic_id,stellar_radius,stellar_mass,stellar_teff,stellar_tmag,stellar_logg,stellar_ra,stellar_dec,bls_period,bls_power,bls_depth_ppm,tls_period,tls_sde,tls_snr,tls_odd_even_mismatch,cascade_status,cascade_confirmed,period,period_err,t0,duration_hours,depth,depth_ppm,rp_rs,rp_rs_err,impact_parameter,a_over_rs,inclination_deg,u1,u2,log_jitter,baseline,planet_radius_rearth,planet_radius_rjup,semi_major_axis_au,equilibrium_temperature_k,insolation_flux,stellar_density_gcm3,transit_depth_ppm,snr_adopted,snr_tls,snr_dutycycle,noise_ppm,cdpp_1hr_ppm,data_completeness,n_points,n_transits,residual_rms_ppm,transit_symmetry,timing_rms_min,fpp,is_false_positive,is_variable_star,is_binary_suspect,secondary_eclipse_depth_ppm,n_vetting_pass,n_vetting_fail,n_vetting_warn,vetting_flags,total_score,candidate_class,is_anomalous,anomaly_flags,fit_method,log_likelihood,r_hat_max,n_divergences,mcmc_converged,json_path,figure_dir,tid,novelty_status,discovery_priority,discovery_reason,science_priority_bucket,science_priority_score,science_priority_reason
TIC 57916666,TESS,TESS,17,57916666,0.763537,0.77,4796.0,7.8927,4.5589,4.5870400674696,30.9561465371252,1.7760873520498954,701.5641062966313,6682.444777244778,1.7728934333331434,4.367031492578078,46.32874828915685,1.1548240323412013,confirmed,True,1.7200936759731786,0.0017728934333331435,1763.9554510700586,2.2871434758696494,0.008770685624538643,8770.685624538643,0.04211084183095141,0.0,0.0,7.400529883146639,90.0,0.6230190379125908,-0.6143841556769126,-5.3501754248781195,0.9997262218644902,3.5110612758197086,0.31288775510892636,0.025753106599666033,1151.8186927522627,417.26068925633444,2.4393865627379445,1773.322999711407,46.32874828915685,46.32874828915685,0.7255868316453761,4769.5136306884215,4428.018667701339,0.7701058087576284,13021,13,4760.103319103947,0.9257456233680487,0.0,0.0,False,False,False,0.0,8,0,0,,100.0,A,False,,map,51155.269097870565,0.0,0,False,/mnt/c/Users/Gamze/Desktop/projects/AstroTransit/outputs_discovery/json/TIC_57916666_S17.json,/mnt/c/Users/Gamze/Desktop/projects/AstroTransit/outputs_discovery/targets/TIC_57916666/figures,57916666,NOVEL_CANDIDATE,REJECT,low quality or likely false positive,LOW_PRIORITY,50,class A; snr>=20; multi-transit
TIC 373062137,TESS,TESS,18,373062137,0.919111,1.064,5876.0,10.4682,4.53827,0.438759432731815,74.4120817577702,22.872671814927685,27.451673820716433,4659.658914447528,11.528279757526013,8.548304710614033,23.0723408523693,,confirmed,True,11.552227335714395,0.011528279757526013,1791.3924980469633,2.1889135590659343,0.003274788962782882,3274.7889627828818,0.05980919562113246,0.0,0.29525112276228255,23.855937668482703,89.2908652191469,1.0,0.1384740728586192,-7.640052029830002,1.0000205408369425,6.002750929572936,0.5349343447142222,0.10210703804107114,777.5756409257656,86.66456663178904,1.9324928701471478,3577.1398808468903,23.0723408523693,23.0723408523693,0.21925544724171142,1422.821159225964,546.1464912940907,0.8829500230614148,14981,2,1392.396430298949,0.9945766167549299,0.0,0.0,False,False,False,0.0,7,0,0,,100.0,A,False,,map,77269.9770780558,0.0,0,False,/mnt/c/Users/Gamze/Desktop/projects/AstroTransit/outputs_discovery/json/TIC_373062137_S18.json,/mnt/c/Users/Gamze/Desktop/projects/AstroTransit/outputs_discovery/targets/TIC_373062137/figures,373062137,NOVEL_CANDIDATE,REJECT,low quality or likely false positive,LOW_PRIORITY,40,class A; snr>=20
TIC 439996850,TESS,TESS,17,439996850,1.16063,1.02,5728.0,8.0659,4.31728,2.28277813423353,45.5243811318902,6.5957932232056224,29.922333090911025,947.0186804524383,4.401293596981365,6.388858583471634,14.341681864759641,1.4266181079299867,period_mismatch,False,4.401293596981365,0.01948145226302156,1768.6557792320452,1.3651504436380026,0.0006695937982544864,669.5937982544864,0.02327088275803726,0.0,0.0,0.0,0.0,0.0,0.0,0.0,1.0,2.949314244985727,0.26282774373082396,0.05291168616178163,1183.2562894694518,464.7145475745168,0.9200235822443361,541.5339843383159,14.341681864759641,14.341681864759641,0.13632347526910732,614.3027863799637,310.2937218738672,0.7800072122512965,13087,5,0.0,0.985128907647359,2.5361696400699115e-10,0.0,False,False,False,0.0,8,0,0,,50.0,C,False,,cascade_only,0.0,0.0,0,False,/mnt/c/Users/Gamze/Desktop/projects/AstroTransit/outputs_discovery/json/TIC_439996850_S17.json,/mnt/c/Users/Gamze/Desktop/projects/AstroTransit/outputs_discovery/targets/TIC_439996850/figures,439996850,NOVEL_CANDIDATE,WATCHLIST,moderate candidate,LOW_PRIORITY,40,watchlist; class C; snr>=10; multi-transit
TIC 440672051,TESS,TESS,17,440672051,1.10256,0.92,5335.0,8.6352,4.31705,7.96906185716867,25.7041728152272,19.196965592363444,18.807486404262928,735.0925239411055,8.666355677425658,0.42196608123276663,12.915384331866028,,period_mismatch,False,8.666355677425658,0.04769712125232495,1768.536307180734,2.0463052030263125,0.0007184954128257592,718.4954128257592,0.024105666659995792,0.0,0.0,0.0,0.0,0.0,0.0,0.0,1.0,2.902256399995464,0.25863419018031525,0.08031283061519928,871.8620829398942,136.98157156762804,0.9679686533903945,581.0831651228326,12.915384331866028,12.915384331866028,0.13936402800305328,616.6792567651964,226.34886340689803,0.7696917650176773,13014,3,0.0,0.9819062681558239,1.8903492392224985e-10,0.0,False,False,False,0.0,8,0,0,,50.0,C,False,,cascade_only,0.0,0.0,0,False,/mnt/c/Users/Gamze/Desktop/projects/AstroTransit/outputs_discovery/json/TIC_440672051_S17.json,/mnt/c/Users/Gamze/Desktop/projects/AstroTransit/outputs_discovery/targets/TIC_440672051/figures,440672051,NOVEL_CANDIDATE,WATCHLIST,moderate candidate,LOW_PRIORITY,35,watchlist; class C; snr>=10; 3+ transits
TIC 373278642,TESS,TESS,18,373278642,0.789362,0.874,5163.0,10.9051,4.58503,1.9943579653179,77.8378643329784,12.020150965742335,14.300967842623445,3463.400807136807,10.65050288613579,4.90426195842432,11.54563541597393,,period_mismatch,False,10.65050288613579,0.05071318839059735,1791.408506203825,1.4182993554943815,0.002232793778873643,2232.793778873643,0.04249437572978404,0.0,0.0,0.0,0.0,0.0,0.0,0.0,1.0,3.6628747410274607,0.32641659171775794,0.0905833834200583,672.234319721253,48.412075836901955,2.5058954622416754,1805.7719686640587,11.54563541597393,11.54563541597393,0.11461661265185476,1832.3881073260131,513.5004116478515,0.8614875388951595,14448,3,0.0,0.9957992933418536,1.8903492392224985e-10,0.0,False,False,False,0.0,8,0,0,,50.0,C,False,,cascade_only,0.0,0.0,0,False,/mnt/c/Users/Gamze/Desktop/projects/AstroTransit/outputs_discovery/json/TIC_373278642_S18.json,/mnt/c/Users/Gamze/Desktop/projects/AstroTransit/outputs_discovery/targets/TIC_373278642/figures,373278642,NOVEL_CANDIDATE,WATCHLIST,moderate candidate,LOW_PRIORITY,35,watchlist; class C; snr>=10; 3+ transits
TIC 331928059,TESS,TESS,52,331928059,0.780653,0.898,5253.0,10.2394,4.60643,6.33771028371187,69.8809775437071,18.23361438345365,22.46039732086191,2289.4198087154427,12.099492781376709,4.32968612757329,15.175053550836775,,period_mismatch,False,12.099492781376709,0.034825253068156314,2718.8843768449788,1.904978983068018,0.00241938758791993,2419.38758791993,0.04423437251425913,0.0,0.0,0.0,0.0,0.0,0.0,0.0,1.0,3.7707896144018753,0.3360334111978172,0.09951797715534842,648.9188121075724,42.03707016716069,2.6618427848655624,1956.6797117302435,15.175053550836775,15.175053550836775,0.16141055069932786,1331.6315485322564,597.9125486824076,0.8351418860143772,14691,2,0.0,0.43806106988911564,0.0,0.0,False,False,False,0.0,7,0,0,,50.0,C,False,,cascade_only,0.0,0.0,0,False,/mnt/c/Users/Gamze/Desktop/projects/AstroTransit/outputs_discovery/json/TIC_331928059_S52.json,/mnt/c/Users/Gamze/Desktop/projects/AstroTransit/outputs_discovery/targets/TIC_331928059/figures,331928059,NOVEL_CANDIDATE,WATCHLIST,moderate candidate,LOW_PRIORITY,30,watchlist; class C; snr>=10
TIC 407393440,TESS,TESS,18,407393440,0.582782,0.63,4009.0,10.4128,4.7064,5.02195853251869,76.1291151140325,11.344468014575948,12.850848592264594,2230.909649461377,11.68130748300199,9.657011716745584,11.63263645159979,,period_mismatch,False,11.68130748300199,inf,1791.3974409318598,1.6147583723785313,0.0018815038107905524,1881.5038107905525,0.039008540180028,0.0,0.0,0.0,0.0,0.0,0.0,0.0,1.0,2.4824483756814013,0.22122305434826567,0.08637852917681509,459.294173112097,10.549569182776422,4.488511317650406,1521.6662069768588,11.63263645159979,11.63263645159979,0.11832723100206724,1294.5720584640778,288.58607576992944,0.8694495050541325,14625,2,0.0,0.9793462642510687,0.0,0.0,False,False,False,0.0,7,0,0,,50.0,C,False,,cascade_only,0.0,0.0,0,False,/mnt/c/Users/Gamze/Desktop/projects/AstroTransit/outputs_discovery/json/TIC_407393440_S18.json,/mnt/c/Users/Gamze/Desktop/projects/AstroTransit/outputs_discovery/targets/TIC_407393440/figures,407393440,NOVEL_CANDIDATE,WATCHLIST,moderate candidate,LOW_PRIORITY,30,watchlist; class C; snr>=10
TIC 468264605,TESS,TESS,18,468264605,0.718374,0.75,4693.0,10.7235,4.60043,4.88076293715739,81.3698971924304,11.131698837928626,12.81888900671577,1816.352879844163,11.150138225476203,7.541183417748331,9.893834473367761,,confirmed,True,11.240541905006086,0.011150138225476204,1790.7715020128785,1.7978265764200225,0.001997883694496272,1997.8836944962718,0.04162992351558443,0.0,0.2939463506603945,26.566288885679466,89.36603004523812,0.44797499384415235,0.171316764592655,-8.263291178164696,1.0000308143901402,3.2656573689851043,0.29101861883573127,0.08922979697630139,587.3211245571213,28.208076211391912,2.8529201102787916,1733.0505319134095,9.893834473367761,9.893834473367761,0.12156108185864986,1491.1113888742664,404.51724050094623,0.812530941306679,13046,2,1482.8696397622443,0.9433003402611252,0.0,0.0,False,False,False,0.0,7,0,0,,100.0,A,False,,map,66467.56651975554,0.0,0,False,/mnt/c/Users/Gamze/Desktop/projects/AstroTransit/outputs_discovery/json/TIC_468264605_S18.json,/mnt/c/Users/Gamze/Desktop/projects/AstroTransit/outputs_discovery/targets/TIC_468264605/figures,468264605,NOVEL_CANDIDATE,REJECT,low quality or likely false positive,LOW_PRIORITY,30,class A; snr>=7.5
TIC 194531699,TESS,TESS,17,194531699,0.907312,1.05,5824.93,6.3896,4.54374,5.00169958105019,38.2273974925528,3.2135765000252867,8.623855182201064,118.00674450002103,3.2132937834837128,5.771031548125586,5.278420901914713,0.6470321289007415,confirmed,True,3.2164826401506286,0.0032132937834837127,1765.8140628874717,1.0666388614376912,8.297609950380647e-05,82.97609950380647,0.0040959406878549745,0.0,0.23024653720648328,10.266308453828572,88.71489727246919,0.26746958547972693,-0.9629612133897106,-8.968718336074748,1.0000050515147896,0.4058118384515179,0.036163867604411974,0.04334595328273257,1175.4373213425442,452.55241332275057,1.9824374727118543,16.77673011842588,5.278420901914713,5.278420901914713,0.05504245686113093,208.30411889611966,41.685673333103665,0.7792920423032083,13075,8,208.30121441087147,0.9918314407442373,4.0100362975951797e-10,0.0,False,False,False,0.0,8,0,0,,100.0,A,False,,map,92276.43918888443,0.0,0,False,/mnt/c/Users/Gamze/Desktop/projects/AstroTransit/outputs_discovery/json/TIC_194531699_S17.json,/mnt/c/Users/Gamze/Desktop/projects/AstroTransit/outputs_discovery/targets/TIC_194531699/figures,194531699,NOVEL_CANDIDATE,REJECT,low quality or likely false positive,LOW_PRIORITY,30,class A; multi-transit
TIC 373150657,TESS,TESS,18,373150657,0.794436,0.82,4986.0,9.2822,4.55176,1.64648644844857,73.9393644539257,0.3109829962973676,16.313115352393766,195.43717477144008,0.6228899874238611,6.091079922414728,4.003536218635779,0.3276293787881078,confirmed,True,0.6342449249070268,0.0006228899874238612,1791.0572162104854,0.116113912430934,0.0002042536289900143,204.2536289900143,0.013333747270274973,0.0,0.9260654686272068,3.6165475195965806,75.16339403541872,0.47977761358934967,-0.30944707171090585,-7.542425349791283,1.0000176622163723,1.1567127789116565,0.10308030429203496,0.013523027639354377,1685.5804341938,1913.6781905074722,2.3063078008151447,177.78881626756527,4.003536218635779,4.003536218635779,0.019530727790454505,907.6377551000472,223.8250882372131,0.8892621553274136,15121,38,907.1472735616336,0.97475237604098,9.045027151073996e-10,0.23809523809523808,False,False,False,166.6503022598187,7,1,0,secondary_eclipse,100.0,A,False,,map,84470.40370321625,0.0,0,False,/mnt/c/Users/Gamze/Desktop/projects/AstroTransit/outputs_discovery/json/TIC_373150657_S18.json,/mnt/c/Users/Gamze/Desktop/projects/AstroTransit/outputs_discovery/targets/TIC_373150657/figures,373150657,NOVEL_CANDIDATE,REJECT,low quality or likely false positive,LOW_PRIORITY,30,class A; multi-transit
TIC 388637626,TESS,TESS,18,388637626,0.880214,1.05,5830.0,10.396,4.57008,2.04479520537834,82.8659803885828,10.958840981411347,72.4261151907144,8388.210872916636,11.239312089248346,9.924815306482683,49.39310577862996,,period_mismatch,False,11.239312089248346,inf,1791.4401568720575,2.2198550498019105,0.008836145108396476,8836.145108396477,0.08453539114723282,0.0,0.0,0.0,0.0,0.0,0.0,0.0,1.0,8.125334270714365,0.7240880747317353,0.09981310622038536,763.6135429637648,80.60564736563886,2.171224082141792,7146.23235641565,49.39310577862996,49.39310577862996,0.5902390638217745,1678.1353316672069,1119.50949518103,0.8262556813318462,13406,2,0.0,0.9834223288122487,0.0,0.0,False,False,False,0.0,7,0,0,,50.0,C,False,,cascade_only,0.0,0.0,0,False,/mnt/c/Users/Gamze/Desktop/projects/AstroTransit/outputs_discovery/json/TIC_388637626_S18.json,/mnt/c/Users/Gamze/Desktop/projects/AstroTransit/outputs_discovery/targets/TIC_388637626/figures,388637626,NOVEL_CANDIDATE,REJECT,low quality or likely false positive,LOW_PRIORITY,25,class C; snr>=20
TIC 365963199,TESS,TESS,17,365963199,1.1062,0.75,4705.0,7.8774,4.22546,4.04828325619788,30.5325787133942,19.388648235291228,35.825673891261374,1139.4187517917987,11.74147081519583,7.465799409822122,8.573551212744142,,period_mismatch,False,11.74147081519583,inf,1776.3228218007232,2.538105873454637,0.0009667227591456662,966.7227591456661,0.02796134888482774,0.0,0.0,0.0,0.0,0.0,0.0,0.0,1.0,3.377584094442161,0.30099295397654297,0.09186147350959074,720.1359106189998,63.757143962652194,0.7813407314187389,781.8370314590575,8.573551212744142,8.573551212744142,0.11389426761145895,927.5431595359122,280.26130105856794,0.7701058433164606,13021,2,0.0,0.9834601427969273,0.0,0.0,False,False,False,0.0,7,0,0,,50.0,C,False,,cascade_only,0.0,0.0,0,False,/mnt/c/Users/Gamze/Desktop/projects/AstroTransit/outputs_discovery/json/TIC_365963199_S17.json,/mnt/c/Users/Gamze/Desktop/projects/AstroTransit/outputs_discovery/targets/TIC_365963199/figures,365963199,NOVEL_CANDIDATE,WATCHLIST,moderate candidate,LOW_PRIORITY,25,watchlist; class C; snr>=7.5
TIC 405210193,TESS,TESS,42,405210193,0.843637,0.62,3952.0,10.7045,4.37815,4.09739052904822,6.34053854068936,13.519309271722982,7.103373761860764,784.460556818023,8.703013159901372,3.59524601633008,5.522775640557372,0.772932358345257,period_mismatch,False,8.703013159901372,0.04877169275090232,2452.594609338528,2.3469932283684996,0.0006750067386261938,675.0067386261937,0.023364753366212413,0.0,0.0,0.0,0.0,0.0,0.0,0.0,1.0,2.1524408118120877,0.19181447451539768,0.07061142472755005,602.5068310126102,31.24056518330593,1.4561462539275418,545.9116998639344,5.522775640557372,5.522775640557372,0.060862463696150775,1529.2408747958552,337.7255975548827,0.6680124761255307,11055,3,0.0,0.9850235484387433,0.0,0.014285714285714285,False,False,False,0.0,7,0,1,,50.0,C,False,,cascade_only,0.0,0.0,0,False,/mnt/c/Users/Gamze/Desktop/projects/AstroTransit/outputs_discovery/json/TIC_405210193_S42.json,/mnt/c/Users/Gamze/Desktop/projects/AstroTransit/outputs_discovery/targets/TIC_405210193/figures,405210193,NOVEL_CANDIDATE,WATCHLIST,moderate candidate,LOW_PRIORITY,25,watchlist; class C; snr>=5.5; 3+ transits
TIC 415779282,TESS,TESS,17,415779282,0.7412,0.65,4153.0,10.6693,4.51111,5.64074031410506,36.6863108859878,0.44764441154216017,7.100474118702729,182.60887806076374,10.631570445277246,5.516399265082839,5.247561855534483,,period_mismatch,False,10.631570445277246,0.03850447649416289,1764.6935153215077,1.3995402474310408,0.0010231391151961367,1023.1391151961367,0.028765669806470273,0.0,0.0,0.0,0.0,0.0,0.0,0.0,1.0,2.3282215241262985,0.20747914913848606,0.08197234968508806,550.8085353741734,21.820948666083517,2.2510611276894443,827.4637594148755,5.247561855534483,5.247561855534483,0.06949096203147172,1444.4955751141172,324.8550851108614,0.7761847963061603,12849,3,0.0,0.9932980264408098,0.0,0.0,False,False,False,26.72088887645252,8,0,0,,50.0,C,False,,cascade_only,0.0,0.0,0,False,/mnt/c/Users/Gamze/Desktop/projects/AstroTransit/outputs_discovery/json/TIC_415779282_S17.json,/mnt/c/Users/Gamze/Desktop/projects/AstroTransit/outputs_discovery/targets/TIC_415779282/figures,415779282,NOVEL_CANDIDATE,WATCHLIST,moderate candidate,LOW_PRIORITY,20,watchlist; class C; 3+ transits
TIC 258866681,TESS,TESS,57,258866681,0.827538,0.91,5303.36,7.118,4.56153,1.2346731283706,23.2696286989997,18.596936791641955,8.072693803369736,220.639778402143,10.447391871264177,5.102079052474439,5.138577654083064,,period_mismatch,False,10.447391871264177,0.0341970785148078,2853.474148605535,2.244531502785186,0.00013421856809858745,134.21856809858747,0.010418697948867343,0.0,0.0,0.0,0.0,0.0,0.0,0.0,1.0,0.9414901726346016,0.08390077057370121,0.09063940343470747,706.7914369952977,59.16108069099389,2.26442384670774,108.54926694973258,5.138577654083064,5.138577654083064,0.0484804911985619,293.96520223338155,56.966496544880535,0.8680733958251803,17970,3,0.0,0.9978679941211169,0.0,0.0,False,False,False,3.7507427188554487,8,0,0,,50.0,C,False,,cascade_only,0.0,0.0,0,False,/mnt/c/Users/Gamze/Desktop/projects/AstroTransit/outputs_discovery/json/TIC_258866681_S57.json,/mnt/c/Users/Gamze/Desktop/projects/AstroTransit/outputs_discovery/targets/TIC_258866681/figures,258866681,NOVEL_CANDIDATE,WATCHLIST,moderate candidate,LOW_PRIORITY,20,watchlist; class C; 3+ transits
TIC 461342461,TESS,TESS,24,461342461,0.862875,0.87,5148.0,7.8295,4.50569,2.23848988757622,66.4566594154952,13.491214385543865,8.598092500577664,354.10801580715304,9.829080389727057,4.175921353209638,5.008734744874659,0.5908899641352103,period_mismatch,False,9.829080389727057,0.10104546024722172,1957.072180374628,3.5151734785368154,0.00016348786947972815,163.48786947972815,0.011498730992667414,0.0,0.0,0.0,0.0,0.0,0.0,0.0,1.0,1.0834582943707025,0.09655224071834255,0.08573266552137754,720.3507873652997,63.83327437312838,1.9096587062605355,132.2208144417301,5.008734744874659,5.008734744874659,0.04220475307929862,512.0866710495843,97.35526293494189,0.954416223917849,18194,3,0.0,0.9947800247143458,0.0,0.0,False,False,False,0.0,8,0,0,,50.0,C,False,,cascade_only,0.0,0.0,0,False,/mnt/c/Users/Gamze/Desktop/projects/AstroTransit/outputs_discovery/json/TIC_461342461_S24.json,/mnt/c/Users/Gamze/Desktop/projects/AstroTransit/outputs_discovery/targets/TIC_461342461/figures,461342461,NOVEL_CANDIDATE,WATCHLIST,moderate candidate,LOW_PRIORITY,20,watchlist; class C; 3+ transits
TIC 468255882,TESS,TESS,19,468255882,0.773668,0.88,5185.0,7.8916,4.60544,4.21881887414485,81.6636346885349,19.73280216344259,61.9157587470542,1848.9724320370772,10.124790903370355,2.7120012622095144,9.33618283050469,2.577764475655011,period_mismatch,False,10.124790903370355,0.06233713795787832,1826.109790292419,2.377839051586787,0.0016876764286791746,1687.6764286791745,0.03694466553772388,0.0,0.0,0.0,0.0,0.0,0.0,0.0,1.0,3.1211940597127144,0.27814479038815115,0.08777744129623499,678.9524133768341,50.37653901582061,2.6797787152173416,1364.9083116942825,9.33618283050469,9.33618283050469,0.08306573738132157,1870.1326134478797,481.555914176232,0.9397463003708206,16953,2,0.0,0.9981529110862434,0.0,0.07894736842105263,False,False,False,33.15342487308914,6,0,1,,50.0,C,False,,cascade_only,0.0,0.0,0,False,/mnt/c/Users/Gamze/Desktop/projects/AstroTransit/outputs_discovery/json/TIC_468255882_S19.json,/mnt/c/Users/Gamze/Desktop/projects/AstroTransit/outputs_discovery/targets/TIC_468255882/figures,468255882,NOVEL_CANDIDATE,WATCHLIST,moderate candidate,LOW_PRIORITY,17,watchlist; class C; snr>=7.5; moderate odd-even mismatch
TIC 373456697,TESS,TESS,18,373456697,0.984607,1.15,6109.0,10.0995,4.51224,3.92560172541669,74.2719026310122,14.44056258324094,8.166910804950886,1234.8810772881968,9.316177213443112,3.024844210773707,5.762523967753936,1.6935621668064955,period_mismatch,False,9.316177213443112,0.039212887435843946,1791.4275078002422,1.7798751061629041,0.0006180653104868039,618.0653104868039,0.022357556213866547,0.0,0.0,0.0,0.0,0.0,0.0,0.0,1.0,2.4038183642186413,0.2142159514132625,0.09078674076439054,887.3502768002994,146.97766314279187,1.6989838357999119,499.8603198562026,5.762523967753936,5.762523967753936,0.05474570905504455,1160.1252701235885,222.2027277591137,0.8893796816317631,15123,3,0.0,0.9846624865583312,0.0,0.02857142857142857,False,False,False,0.0,7,0,1,,50.0,C,False,,cascade_only,0.0,0.0,0,False,/mnt/c/Users/Gamze/Desktop/projects/AstroTransit/outputs_discovery/json/TIC_373456697_S18.json,/mnt/c/Users/Gamze/Desktop/projects/AstroTransit/outputs_discovery/targets/TIC_373456697/figures,373456697,NOVEL_CANDIDATE,WATCHLIST,moderate candidate,LOW_PRIORITY,17,watchlist; class C; snr>=5.5; 3+ transits; moderate odd-even mismatch
TIC 428737024,TESS,TESS,18,428737024,0.775016,0.85,5082.0,10.0074,4.58887,7.69546086294263,74.4342487825557,12.013038619416356,10.616699178668867,1918.8872462447825,3.5112692656357805,6.077238371775381,4.940311393554334,0.8701957706420373,period_mismatch,False,3.5112692656357805,0.008534495925715424,1791.3919092470996,0.6934124014797529,0.0006456877150287088,645.6877150287088,0.022851694456417628,0.0,0.0,0.0,0.0,0.0,0.0,0.0,1.0,1.9339421342978944,0.1723429941477632,0.04282989894223013,953.5010754261106,195.95472071616044,2.5749398233564698,522.1999395294681,4.940311393554334,4.940311393554334,0.04589100652935115,1357.6432419317277,277.7884374666877,0.8893210196907417,15122,7,0.0,0.9942148194092625,2.1434545620183758e-10,0.0,False,False,False,15.607097625824906,8,0,0,,50.0,C,False,,cascade_only,0.0,0.0,0,False,/mnt/c/Users/Gamze/Desktop/projects/AstroTransit/outputs_discovery/json/TIC_428737024_S18.json,/mnt/c/Users/Gamze/Desktop/projects/AstroTransit/outputs_discovery/targets/TIC_428737024/figures,428737024,NOVEL_CANDIDATE,REJECT,low quality or likely false positive,LOW_PRIORITY,15,class C; multi-transit
TIC 388633951,TESS,TESS,18,388633951,0.833351,0.948,5435.0,10.5082,4.57322,1.05603091986849,82.4096590573662,22.087963603743408,8.04241352611385,1459.2395636899846,4.4720008928110815,4.6550579726280175,4.495461765454657,1.1722358894735914,period_mismatch,False,4.4720008928110815,0.020741500057308127,1791.398922747259,0.7259192112194407,0.0006202295842336891,620.2295842336891,0.022396666632536994,0.0,0.0,0.0,0.0,0.0,0.0,0.0,1.0,2.0381012008984305,0.18162511541045015,0.052187763369652244,957.9302849526339,199.621169852503,2.309960844731071,501.610676248996,4.495461765454657,4.495461765454657,0.04202364549603616,1319.896061857946,254.95035584143932,0.8195203107970499,13191,5,0.0,0.9952151823173685,2.070773839769784e-10,0.0,False,False,False,0.0,8,0,0,,50.0,C,False,,cascade_only,0.0,0.0,0,False,/mnt/c/Users/Gamze/Desktop/projects/AstroTransit/outputs_discovery/json/TIC_388633951_S18.json,/mnt/c/Users/Gamze/Desktop/projects/AstroTransit/outputs_discovery/targets/TIC_388633951/figures,388633951,NOVEL_CANDIDATE,REJECT,low quality or likely false positive,LOW_PRIORITY,15,class C; multi-transit
TIC 461585810,TESS,TESS,18,461585810,0.842648,0.947,5433.0,10.1755,4.56313,1.15589646367885,86.9517517692107,22.505465579185152,8.106027685895356,1398.9087257285648,3.4897465270446957,6.258979711135817,4.2529875809407995,0.10907988218629552,period_mismatch,False,3.4897465270446957,0.008667195824696439,1791.3856463715404,0.5504950866840386,0.0004783709992016716,478.37099920167157,0.019669330075128433,0.0,0.0,0.0,0.0,0.0,0.0,0.0,1.0,1.8098815839446627,0.16128735482727363,0.044219167959903584,1046.0735859979125,283.87027974455077,2.231986480807837,386.8825456043519,4.2529875809407995,4.2529875809407995,0.03707391599138,1143.2233621270536,225.06173835993093,0.8604220833499561,14320,7,0.0,0.9911573808301751,2.4750481367540815e-10,0.0,False,False,False,62.91979610784093,8,0,0,,50.0,C,False,,cascade_only,0.0,0.0,0,False,/mnt/c/Users/Gamze/Desktop/projects/AstroTransit/outputs_discovery/json/TIC_461585810_S18.json,/mnt/c/Users/Gamze/Desktop/projects/AstroTransit/outputs_discovery/targets/TIC_461585810/figures,461585810,NOVEL_CANDIDATE,REJECT,low quality or likely false positive,LOW_PRIORITY,15,class C; multi-transit
TIC 468258403,TESS,TESS,18,468258403,1.08676,1.161,6134.0,9.71488,4.43063,5.00842788855468,79.9956206682926,14.037890671619891,8.03198478809508,1132.1051226552693,7.941052775408233,3.465771066788851,5.186042141937302,1.64968380159544,period_mismatch,False,7.941052775408233,0.026973940156957532,1791.4024742414085,1.699749439564784,0.00037945075109713233,379.45075109713235,0.017518013441877645,0.0,0.0,0.0,0.0,0.0,0.0,0.0,1.0,2.078896646307904,0.18526059606148457,0.08187678461745761,985.6776785271891,223.77453764557612,1.2755910051535964,306.8807949498058,5.186042141937302,5.186042141937302,0.043835251961546695,893.7425928207117,184.30581635512522,0.8569189522331869,14188,3,0.0,0.9825658434327555,0.0,0.02857142857142857,False,False,False,5.249501235815579,7,0,1,,50.0,C,False,,cascade_only,0.0,0.0,0,False,/mnt/c/Users/Gamze/Desktop/projects/AstroTransit/outputs_discovery/json/TIC_468258403_S18.json,/mnt/c/Users/Gamze/Desktop/projects/AstroTransit/outputs_discovery/targets/TIC_468258403/figures,468258403,NOVEL_CANDIDATE,WATCHLIST,moderate candidate,LOW_PRIORITY,12,watchlist; class C; 3+ transits; moderate odd-even mismatch
TIC 388583017,TESS,TESS,18,388583017,0.671354,0.76,4741.33,10.2463,4.66498,0.068221465327439,79.4122481445533,17.04087698337751,8.324318109493378,1468.6607697673714,11.29777069180695,2.955049596857961,4.677825644322844,,period_mismatch,False,11.29777069180695,inf,1791.1124102223698,1.1644421888495131,0.0008449797777755341,844.9797777755341,0.026141488008068002,0.0,0.0,0.0,0.0,0.0,0.0,0.0,1.0,1.9164446633488017,0.1707837093688135,0.08992856960120055,571.3889643489582,25.269600427862862,3.5419221678040356,683.3773952759632,4.677825644322844,4.677825644322844,0.056629748935466385,1264.5223188425362,273.3142565518772,0.8588217513774032,14253,3,0.0,0.9985368917098028,1.8903492392224985e-10,0.0,False,False,False,0.0,8,0,0,,50.0,C,False,,cascade_only,0.0,0.0,0,False,/mnt/c/Users/Gamze/Desktop/projects/AstroTransit/outputs_discovery/json/TIC_388583017_S18.json,/mnt/c/Users/Gamze/Desktop/projects/AstroTransit/outputs_discovery/targets/TIC_388583017/figures,388583017,NOVEL_CANDIDATE,REJECT,low quality or likely false positive,LOW_PRIORITY,10,class C; 3+ transits
TIC 44453366,TESS,TESS,17,44453366,0.680382,0.7,4454.0,9.5974,4.61766,6.74554997193064,30.7829094850517,0.3781072967284735,11.330784612914522,160.3385453972095,7.286216537208309,6.267425157852267,4.641553669747875,0.7246492150949394,period_mismatch,False,7.286216537208309,0.037956432824304276,1765.324055422055,1.535555968524291,0.000617991995989664,617.991995989664,0.02235623015529767,0.0,0.0,0.0,0.0,0.0,0.0,0.0,1.0,1.6609852881097902,0.14801848137620258,0.06531286179891131,634.0623715924623,38.31765339548755,3.1341498506720438,499.80102675664074,4.641553669747875,4.641553669747875,0.04955911926294687,1482.5561389601398,304.0895522013342,0.7701058636801021,13021,4,0.0,0.982332963917884,2.3151955358767474e-10,0.02857142857142857,False,False,False,72.75579555021672,7,0,1,,50.0,C,False,,cascade_only,0.0,0.0,0,False,/mnt/c/Users/Gamze/Desktop/projects/AstroTransit/outputs_discovery/json/TIC_44453366_S17.json,/mnt/c/Users/Gamze/Desktop/projects/AstroTransit/outputs_discovery/targets/TIC_44453366/figures,44453366,NOVEL_CANDIDATE,REJECT,low quality or likely false positive,LOW_PRIORITY,10,class C; 3+ transits
TIC 238305920,TESS,TESS,17,238305920,1.16447,1.03,5755.17,6.9797,4.31865,5.75087101720783,22.3750007670646,7.200429532364053,8.79679464906786,160.33479984101095,5.677621983523983,0.163992661551901,3.7263644729578664,0.3108171725176814,period_mismatch,False,5.677621983523983,inf,1768.6349449836864,1.2671015114938287,0.00010761495814337607,107.61495814337607,0.009329179888846361,0.0,0.0,0.0,0.0,0.0,0.0,0.0,1.0,1.1862771634222626,0.10571493045604033,0.06290541644429672,1092.1517978076718,337.2896398458043,0.919882750957333,87.0335973984554,3.7263644729578664,3.7263644729578664,0.03879562637276464,300.0905315599033,64.31947983587963,0.7689229280207803,13001,4,0.0,0.9878583872299069,0.0,0.0,False,False,False,0.0,8,0,0,,50.0,C,False,,cascade_only,0.0,0.0,0,False,/mnt/c/Users/Gamze/Desktop/projects/AstroTransit/outputs_discovery/json/TIC_238305920_S17.json,/mnt/c/Users/Gamze/Desktop/projects/AstroTransit/outputs_discovery/targets/TIC_238305920/figures,238305920,NOVEL_CANDIDATE,REJECT,low quality or likely false positive,LOW_PRIORITY,10,class C; 3+ transits
TIC 58732360,TESS,TESS,42,58732360,0.832237,0.64,4088.0,9.4103,4.40375,3.28835044918008,5.59527917955405,0.30853483054364833,9442.9021660176,408981.26167102344,0.6168909345576964,16.319193782315473,59.30254913132582,0.15306742215205096,confirmed,True,0.6170743685461064,0.0006168909345576964,2448.3549470922135,0.7049817965223409,0.47827597274285694,478275.97274285695,0.4959857471272947,0.0,0.0,3.158101893299437,90.0,1.0,1.0,-1.7533182894329,0.9683645591852339,45.074468544088425,4.01680522428226,0.012225021943597907,1487.6963261357344,1161.2564620044284,1.5657379493183066,246001.86135342074,59.30254913132582,59.30254913132582,0.6916094780337567,200083.39748409303,170047.99376686566,0.668874403330252,11090,38,173204.97630946536,0.9965234724191618,5.887778688386486e-09,0.3904761904761905,True,True,False,327942.2344823526,4,2,2,secondary_eclipse | stellar_variability,0.0,X,True,"Aktif yıldız + transit: LS_power=0.81, P_rot=0.15d | Fiziksel disi yaricap: 45.1 R_earth",map,3702.8037865725078,0.0,0,False,/mnt/c/Users/Gamze/Desktop/projects/AstroTransit/outputs_discovery/json/TIC_58732360_S42.json,/mnt/c/Users/Gamze/Desktop/projects/AstroTransit/outputs_discovery/targets/TIC_58732360/figures,58732360,NOVEL_CANDIDATE,REJECT,radius too large,LOW_PRIORITY,0,false positive flag
TIC 306119022,TESS,TESS,17,306119022,0.797689,0.73,4602.0,9.4235,4.49772,4.29365563595752,29.5310895300748,0.5708572109776167,174.2723317718419,2653.8746430504466,0.5709053513296434,5.299686085712143,37.21025878031015,2.5102991944931055,confirmed,True,0.5707753253359846,0.0005709053513296434,1765.0260688154444,1.2700218290370493,0.0029095798198258693,2909.5798198258694,0.05444434024980878,0.0,0.0,3.2693217763193125,90.0,0.7069213105542097,-1.0,-6.189241062797536,1.000374722040461,4.742427943800631,0.42262083072167267,0.012125948830398652,1646.3048871491137,1741.454176850016,2.0281600045112245,2964.1861852369484,37.21025878031015,37.21025878031015,0.4344425027950672,2343.005023524348,2094.0262487025498,0.7699874738264569,13019,41,2170.5333545312237,0.9900664987873742,4.4870004019169485e-10,0.40476190476190477,True,True,False,2758.283077365031,5,2,1,secondary_eclipse | stellar_variability,20.0,X,True,"Aktif yıldız + transit: LS_power=0.76, P_rot=0.29d",map,61370.624675196865,0.0,0,False,/mnt/c/Users/Gamze/Desktop/projects/AstroTransit/outputs_discovery/json/TIC_306119022_S17.json,/mnt/c/Users/Gamze/Desktop/projects/AstroTransit/outputs_discovery/targets/TIC_306119022/figures,306119022,NOVEL_CANDIDATE,REJECT,low quality or likely false positive,LOW_PRIORITY,0,false positive flag
TIC 117956546,TESS,TESS,57,117956546,0.0,0.0,0.0,5.043,0.0,0.543088080825098,27.0817991094254,21.238048149106568,13.276987145948477,134.79583458197996,13.354153946060583,2.437868519179518,7.262185133473385,2.259958127687078,period_mismatch,False,13.354153946060583,0.08332736541402674,2866.594870352986,2.7815502506391994,8.133928014919523e-05,81.33928014919522,0.008110680786509948,0.0,0.0,0.0,0.0,0.0,0.0,0.0,1.0,0.0,0.0,0.0,0.0,0.0,0.0,0.0,7.262185133473385,7.262185133473385,0.061511257909745785,129.76316132825747,30.32951661035891,0.867783600705801,17964,2,0.0,0.9983377669329839,0.0,0.07894736842105263,False,False,False,0.0,6,0,1,,50.0,C,False,,cascade_only,0.0,0.0,0,False,/mnt/c/Users/Gamze/Desktop/projects/AstroTransit/outputs_discovery/json/TIC_117956546_S57.json,/mnt/c/Users/Gamze/Desktop/projects/AstroTransit/outputs_discovery/targets/TIC_117956546/figures,117956546,NOVEL_CANDIDATE,REJECT,invalid radius,LOW_PRIORITY,0,invalid radius
TIC 327000122,TESS,TESS,17,327000122,0.675652,0.0,4284.39,8.2634,0.0,2.8381104228954,58.3499139335102,9.344652526513677,8.003630066100245,284.37781334267333,0.0,0.0,0.0,999.0,period_mismatch,False,0.0,0.0,0.0,0.0,0.0,0.0,0.0,0.0,0.0,0.0,0.0,0.0,0.0,0.0,1.0,0.0,0.0,0.0,0.0,0.0,0.0,0.0,0.0,0.0,0.0,491.6220608473552,114.30370503424952,0.7760727941879157,12858,0,0.0,0.0,0.0,0.3125,False,False,True,0.0,4,1,0,odd_even_mismatch,50.0,C,False,,cascade_only,0.0,0.0,0,False,/mnt/c/Users/Gamze/Desktop/projects/AstroTransit/outputs_discovery/json/TIC_327000122_S17.json,/mnt/c/Users/Gamze/Desktop/projects/AstroTransit/outputs_discovery/targets/TIC_327000122/figures,327000122,NOVEL_CANDIDATE,REJECT,invalid period,LOW_PRIORITY,0,invalid period
TIC 388604517,TESS,TESS,18,388604517,0.782033,0.0,4720.0,10.7118,0.0,0.610530364787658,83.8284301012586,12.031637049953192,8.749342600511175,1918.5352969034452,0.0,0.0,0.0,999.0,period_mismatch,False,0.0,0.0,0.0,0.0,0.0,0.0,0.0,0.0,0.0,0.0,0.0,0.0,0.0,0.0,1.0,0.0,0.0,0.0,0.0,0.0,0.0,0.0,0.0,0.0,0.0,1463.861485206588,284.1048214166211,0.8268176100585426,13430,0,0.0,0.0,0.0,0.3125,False,False,True,0.0,4,1,0,odd_even_mismatch,50.0,C,False,,cascade_only,0.0,0.0,0,False,/mnt/c/Users/Gamze/Desktop/projects/AstroTransit/outputs_discovery/json/TIC_388604517_S18.json,/mnt/c/Users/Gamze/Desktop/projects/AstroTransit/outputs_discovery/targets/TIC_388604517/figures,388604517,NOVEL_CANDIDATE,REJECT,invalid period,LOW_PRIORITY,0,invalid period
TIC 405187645,TESS,TESS,42,405187645,1.03381,1.07,5895.0,7.019,4.43857,2.10727337408121,6.61680227296907,19.68883681605033,93.2037186352775,1873.9767781146277,6.8701931964878185,4.376413503548515,26.810311081092614,14.166433847366207,period_mismatch,False,6.8701931964878185,0.13047076195716523,2454.424501803419,4.582382483452513,0.0009888430204912924,988.8430204912924,0.028279441168847955,0.0,0.0,0.0,0.0,0.0,0.0,0.0,1.0,3.192463570132663,0.2844959632590387,0.07234444850273322,982.8930988072447,221.2565441006189,1.3656573773704586,799.7267928223326,26.810311081092614,26.810311081092614,0.33520306298302505,605.1830410143991,356.3763695260249,0.6688744794414275,11090,3,0.0,0.8752462972377374,0.0,0.2523809523809524,False,False,True,14.88603579391512,6,1,1,odd_even_mismatch,50.0,C,False,,cascade_only,0.0,0.0,0,False,/mnt/c/Users/Gamze/Desktop/projects/AstroTransit/outputs_discovery/json/TIC_405187645_S42.json,/mnt/c/Users/Gamze/Desktop/projects/AstroTransit/outputs_discovery/targets/TIC_405187645/figures,405187645,NOVEL_CANDIDATE,WATCHLIST,moderate candidate,LOW_PRIORITY,-10,watchlist; class C; snr>=20; 3+ transits; binary-suspect; high odd-even mismatch
TIC 365961623,TESS,TESS,17,365961623,0.804821,0.64,4079.0,9.8191,4.43285,3.74607087859692,33.2615253697497,22.245503287921878,16.9076944441132,2426.727617588331,11.431964273986848,3.7677098155297455,12.244388012316858,5.717809148134483,period_mismatch,False,11.431964273986848,0.055283810400458044,1772.5802727025614,1.9064783740739197,0.001333698022591312,1333.6980225913119,0.03284247669970588,0.0,0.0,0.0,0.0,0.0,0.0,0.0,1.0,2.8863540266382164,0.25721705230951825,0.08559305904408003,551.6819796962925,21.959688467991395,1.7312597742487636,1078.6282757707236,12.244388012316858,12.244388012316858,0.12704721416784776,990.8236131781099,328.61487656752706,0.7699283938445611,13018,2,0.0,0.9695343838307401,0.0,0.2631578947368421,False,False,True,0.0,6,1,0,odd_even_mismatch,50.0,C,False,,cascade_only,0.0,0.0,0,False,/mnt/c/Users/Gamze/Desktop/projects/AstroTransit/outputs_discovery/json/TIC_365961623_S17.json,/mnt/c/Users/Gamze/Desktop/projects/AstroTransit/outputs_discovery/targets/TIC_365961623/figures,365961623,NOVEL_CANDIDATE,WATCHLIST,moderate candidate,LOW_PRIORITY,-20,watchlist; class C; snr>=10; binary-suspect; high odd-even mismatch
TIC 437752575,TESS,TESS,17,437752575,0.616396,0.73,4621.0,8.5091,4.72167,5.31669925913577,25.5242567177136,15.67847395903308,13.599117797905956,833.4741596784934,10.553828260425007,2.7227761641252455,9.432177525002835,4.374704122548145,period_mismatch,False,10.553828260425007,0.051030403061147034,1772.5079526063414,1.5749942614284826,0.0006240014745404476,624.0014745404476,0.022464665422271195,0.0,0.0,0.0,0.0,0.0,0.0,0.0,1.0,1.5120778962071264,0.13474861910053715,0.08479019217189598,549.5380669156697,21.620319544069545,4.395654896321476,504.66119253458703,9.432177525002835,9.432177525002835,0.09541869678020934,559.34493250534,134.33510954778606,0.7696326574173384,13013,2,0.0,0.9911592123858881,0.0,0.2631578947368421,False,False,True,0.0,6,1,0,odd_even_mismatch,50.0,C,False,,cascade_only,0.0,0.0,0,False,/mnt/c/Users/Gamze/Desktop/projects/AstroTransit/outputs_discovery/json/TIC_437752575_S17.json,/mnt/c/Users/Gamze/Desktop/projects/AstroTransit/outputs_discovery/targets/TIC_437752575/figures,437752575,NOVEL_CANDIDATE,WATCHLIST,moderate candidate,LOW_PRIORITY,-25,watchlist; class C; snr>=7.5; binary-suspect; high odd-even mismatch
TIC 347299560,TESS,TESS,24,347299560,0.822076,0.8,4878.0,8.1797,4.51133,1.46007362197156,56.5002243832995,14.203495220748497,19.9292573769662,717.1405815888932,4.738980447569755,7.291311934159032,10.804278558282869,1.3622875533570336,confirmed,True,4.767362724798655,0.004738980447569755,1955.575820267172,3.9110517560469287,0.00032634667260822425,326.34667260822425,0.00812300547014314,0.0,1.0023923122533585,13.40856223254769,85.71270366246893,0.5285020585028148,-0.14563603424031324,-7.5220459313067956,0.9999957486342305,0.7291940451543587,0.06498202962119425,0.05146517387182427,859.8956968038264,129.61464778494678,2.030646105024197,65.98321786797538,10.804278558282869,10.804278558282869,0.09741086690819464,688.6293393891956,205.65229128106282,0.9006999668822193,17170,6,688.6371016823957,0.9961471651227511,2.3151955358767474e-10,0.02857142857142857,False,False,False,0.0,7,0,1,,100.0,A,False,,map,100627.83729459696,0.0,0,False,/mnt/c/Users/Gamze/Desktop/projects/AstroTransit/outputs_discovery/json/TIC_347299560_S24.json,/mnt/c/Users/Gamze/Desktop/projects/AstroTransit/outputs_discovery/targets/TIC_347299560/figures,347299560,NOVEL_CANDIDATE,FOLLOWUP,strong candidate,SMALL_COOL_CORE,95,followup; class A; snr>=10; multi-transit; small-cool-core
TIC 238432056,TESS,TESS,17,238432056,0.889627,0.96,5489.0,5.3971,4.52192,1.6532670438182,29.0215028909291,13.003978595327686,123.37451462258512,1017.4989854419003,3.8473474971877732,8.204908593279377,28.399098464563668,1.9791000418230436,period_mismatch,False,3.8473474971877732,0.03579046652540052,1764.8082981674113,2.753838758840328,0.0005781022081057241,578.1022081057241,0.02162267700368075,0.0,0.0,0.0,0.0,0.0,0.0,0.0,1.0,2.1005441513178473,0.18718971056965822,0.04740556620686244,1048.7869055529106,286.82698462295696,1.9227708579780365,467.54016080550434,28.399098464563668,28.399098464563668,0.32173873855988394,434.6681401439673,302.61931101264344,0.7701055921239893,13021,7,0.0,0.8827991732866568,4.630391071753495e-10,0.0,False,False,False,0.0,8,0,0,,50.0,C,False,,cascade_only,0.0,0.0,0,False,/mnt/c/Users/Gamze/Desktop/projects/AstroTransit/outputs_discovery/json/TIC_238432056_S17.json,/mnt/c/Users/Gamze/Desktop/projects/AstroTransit/outputs_discovery/targets/TIC_238432056/figures,238432056,NOVEL_CANDIDATE,WATCHLIST,moderate candidate,SMALL_COOL_CORE,62,watchlist; class C; snr>=20; multi-transit; moderate odd-even mismatch; small-cool-core
TIC 352179145,TESS,TESS,17,352179145,0.713032,0.63,4017.0,7.543,4.53119,4.27655780322779,40.9482969968157,13.044120480289408,35.13260564829177,962.7746727054465,11.439335471795898,3.4685263593248385,18.873118515051548,,period_mismatch,False,11.439335471795898,0.04638101011997975,1764.7772961124551,1.5539689372388596,0.0008600098778168697,860.0098778168697,0.026372959422188348,0.0,0.0,0.0,0.0,0.0,0.0,0.0,1.0,2.05344126772776,0.1829921434103614,0.08518151600531436,512.6115374550749,16.3690881889957,2.450719748963519,695.5329886843931,18.873118515051548,18.873118515051548,0.2034257383141422,448.2454639774349,196.57182935762003,0.7799941886309468,13086,3,0.0,0.9778677524498123,0.0,0.0,False,False,False,0.0,8,0,0,,50.0,C,False,,cascade_only,0.0,0.0,0,False,/mnt/c/Users/Gamze/Desktop/projects/AstroTransit/outputs_discovery/json/TIC_352179145_S17.json,/mnt/c/Users/Gamze/Desktop/projects/AstroTransit/outputs_discovery/targets/TIC_352179145/figures,352179145,NOVEL_CANDIDATE,WATCHLIST,moderate candidate,SMALL_COOL_CORE,60,watchlist; class C; snr>=10; 3+ transits; small-cool-core
TIC 201778444,TESS,TESS,57,201778444,0.929773,0.95,5460.0,9.5194,4.47904,2.21948306641324,53.2132477084754,10.672304447353872,11.915091703822199,1006.7858815332453,10.679021693507126,4.340157108378451,8.982545317793111,,confirmed,True,10.528676007642373,0.010679021693507127,2851.7905729181452,1.931291167783076,0.0006846343482083128,684.6343482083128,0.014743288372613905,0.0,0.7061649124636148,21.578743781714575,88.12465940170584,0.43420475954943816,0.30387744843368253,-8.106841358180274,1.0000153594317058,1.4968755301790837,0.13339386228908048,0.09242476617834626,763.8210884799968,80.69331559773556,1.6667596484690532,217.36455203805238,8.982545317793111,8.982545317793111,0.07783721559923812,860.0812463204752,244.69132508852599,0.8685079302270856,17979,3,859.8684881752279,0.9506395742248023,3.780698478444997e-10,0.0,False,False,False,16.691711628880057,8,0,0,,100.0,A,False,,map,101399.34335000608,0.0,0,False,/mnt/c/Users/Gamze/Desktop/projects/AstroTransit/outputs_discovery/json/TIC_201778444_S57.json,/mnt/c/Users/Gamze/Desktop/projects/AstroTransit/outputs_discovery/targets/TIC_201778444/figures,201778444,NOVEL_CANDIDATE,REJECT,low quality or likely false positive,SMALL_COOL_CORE,60,class A; snr>=7.5; 3+ transits; small-cool-core
TIC 407423779,TESS,TESS,18,407423779,0.0,0.0,4736.0,9.2495,0.0,5.46949963737239,74.139187108774,21.171149410803086,9.926699386363541,581.8121261815801,10.580840472296813,9.326348747468584,8.22550840522952,,confirmed,True,10.432053319583584,0.010580840472296814,1789.8041987400043,1.7789337730843156,0.0005276365256340343,527.6365256340343,0.010330598046227569,0.0,0.6736910022971506,20.28403504655456,88.09669274010056,0.49151899814079153,0.2656106297513593,-8.374098112917428,1.0000228812603238,1.1280799028034092,0.10052868937448273,0.09344251446545557,683.3515008094397,51.694887188522806,1.4101982251593161,106.72125599272086,8.22550840522952,8.22550840522952,0.07814559135516069,694.4582786671136,156.91226960659526,0.8889092610720455,15115,3,694.3454663183301,0.9981076240733464,0.0,0.0,False,False,False,0.0,8,0,0,,100.0,A,False,,map,88476.64793235506,0.0,0,False,/mnt/c/Users/Gamze/Desktop/projects/AstroTransit/outputs_discovery/json/TIC_407423779_S18.json,/mnt/c/Users/Gamze/Desktop/projects/AstroTransit/outputs_discovery/targets/TIC_407423779/figures,407423779,NOVEL_CANDIDATE,REJECT,low quality or likely false positive,SMALL_COOL_CORE,60,class A; snr>=7.5; 3+ transits; small-cool-core
TIC 439949948,TESS,TESS,17,439949948,0.61088,0.61,3947.0,7.4218,4.65149,1.42084507877455,45.8103759730057,13.432545592665582,15.395588019243053,550.7238590236607,6.7198919810645,4.024779863534333,7.9693993731543165,,confirmed,True,6.741638752115444,0.006719891981064501,1767.9826196909917,1.4125353905163567,0.0005883174971367255,588.3174971367256,0.011407905900717719,0.0,0.33709685869619427,20.80669690908717,89.07168963814225,0.3874789467296425,0.13324389418959715,-7.539557742431018,1.000010377043541,0.7609852432817136,0.0678150979822609,0.059235889492045266,559.0586091384658,23.157962187468975,3.773481964618608,130.14031703963013,7.9693993731543165,7.9693993731543165,0.08877284557912359,653.9697860554218,160.46104695467878,0.7798879466124904,13085,3,653.8180529809633,0.972937024022885,1.8903492392224985e-10,0.0,False,False,False,0.0,8,0,0,,100.0,A,False,,map,77380.5994582484,0.0,0,False,/mnt/c/Users/Gamze/Desktop/projects/AstroTransit/outputs_discovery/json/TIC_439949948_S17.json,/mnt/c/Users/Gamze/Desktop/projects/AstroTransit/outputs_discovery/targets/TIC_439949948/figures,439949948,NOVEL_CANDIDATE,REJECT,low quality or likely false positive,SMALL_COOL_CORE,60,class A; snr>=7.5; 3+ transits; small-cool-core
TIC 22527304,TESS,TESS,17,22527304,0.935897,0.96,5489.0,7.2538,4.47788,2.8434890528423,30.4495762013421,13.043976918845296,33.07010095021781,541.5283335068466,11.741452117730994,10.143972339375749,11.880756500608376,,period_mismatch,False,11.741452117730994,inf,1776.4230671046653,4.496406615645819,0.0005223764963170341,522.3764963170341,0.020554123464560616,0.0,0.0,0.0,0.0,0.0,0.0,0.0,1.0,2.100590583735589,0.1871938483883433,0.0997400549061735,741.6127265402422,71.70999256750801,1.6514568522253206,422.47199139640134,11.880756500608376,11.880756500608376,0.18327653202021288,410.17279249759247,158.8579529465714,0.7701057787646656,13021,2,0.0,0.9406619135595444,0.0,0.0,False,False,False,0.0,7,0,0,,50.0,C,False,,cascade_only,0.0,0.0,0,False,/mnt/c/Users/Gamze/Desktop/projects/AstroTransit/outputs_discovery/json/TIC_22527304_S17.json,/mnt/c/Users/Gamze/Desktop/projects/AstroTransit/outputs_discovery/targets/TIC_22527304/figures,22527304,NOVEL_CANDIDATE,WATCHLIST,moderate candidate,SMALL_COOL_CORE,55,watchlist; class C; snr>=10; small-cool-core
TIC 373236404,TESS,TESS,18,373236404,0.99833,0.96,5467.0,8.4334,4.42179,2.19309440124477,73.0185418532785,23.498555788299022,14.563578685624538,1369.9936127485878,11.360808390628222,4.284820239358288,9.644858061164129,,period_mismatch,False,11.360808390628222,0.040951683859702825,1791.394774533015,1.6175321905981757,0.0003969572575074354,396.9572575074354,0.01791756629704878,0.0,0.0,0.0,0.0,0.0,0.0,0.0,1.0,1.9532936593783028,0.1740675027121799,0.09757260174770586,771.3063542091435,83.90321809101569,1.36059550226181,321.03918200913836,9.644858061164129,9.644858061164129,0.07953945845835722,490.671070316937,118.43147722275982,0.8890857091288674,15118,3,0.0,0.9917774390066554,0.0,0.0,False,False,False,1.0355257820116037,8,0,0,,50.0,C,False,,cascade_only,0.0,0.0,0,False,/mnt/c/Users/Gamze/Desktop/projects/AstroTransit/outputs_discovery/json/TIC_373236404_S18.json,/mnt/c/Users/Gamze/Desktop/projects/AstroTransit/outputs_discovery/targets/TIC_373236404/figures,373236404,NOVEL_CANDIDATE,WATCHLIST,moderate candidate,SMALL_COOL_CORE,55,watchlist; class C; snr>=7.5; 3+ transits; small-cool-core
TIC 439946042,TESS,TESS,17,439946042,0.85807,0.99,5586.0,9.0362,4.56666,1.23907192012504,45.6748067955156,8.550842872742281,16.33465873527817,321.58245217039916,8.540646136378415,3.040103428733683,7.452918378962293,,confirmed,True,8.596382399585794,0.008540646136378414,1769.3485335733187,1.6296329576858162,0.0003549456221753067,354.94562217530665,0.010449133263142696,0.0,0.9166251603281719,20.42476522396285,87.42780895147607,0.642371380181286,-0.05129434732311449,-7.956140456489076,1.0000065177656836,0.9790782087463893,0.08725042337496848,0.08185656826588358,797.7011918046511,95.9913159007019,2.2097706615624197,109.18438595091513,7.452918378962293,7.452918378962293,0.0882144560689854,425.5318784336622,113.65931970152137,0.7791727151119319,13073,3,425.52447078067473,0.9740981788442344,0.0,0.0,False,False,False,0.0,8,0,0,,100.0,A,False,,map,82924.5118149361,0.0,0,False,/mnt/c/Users/Gamze/Desktop/projects/AstroTransit/outputs_discovery/json/TIC_439946042_S17.json,/mnt/c/Users/Gamze/Desktop/projects/AstroTransit/outputs_discovery/targets/TIC_439946042/figures,439946042,NOVEL_CANDIDATE,REJECT,low quality or likely false positive,SMALL_COOL_SECOND_LOOK,45,class A; snr>=5.5; 3+ transits; small-cool-second-look
TIC 427332476,TESS,TESS,42,427332476,0.74529,0.82,4953.02,9.057,4.60723,5.82552579542295,0.163707915494752,9.813977028707242,10.115884238247823,466.8999681355368,9.80953015985696,2.384596471010185,7.207003944662037,,confirmed,True,9.782595749970326,0.00980953015985696,2449.753531603899,2.209305492245686,0.0004974604978317254,497.46049783172543,0.013783004812887018,0.0,0.5326520231915919,24.220644896232503,88.73986949895746,0.4617288994381677,0.1866340347652405,-7.956100378251852,1.0000165023252563,1.1217177706125427,0.0999617288168258,0.08379253704923792,651.530536967885,42.717918667938925,2.79330355370809,189.9712216720667,7.207003944662037,7.207003944662037,0.09213988206005111,727.7215644467728,176.46299409701555,0.6649061563493954,10975,3,727.3573990923604,0.9954195221792119,0.0,0.014285714285714285,False,False,False,25.281182749692377,7,0,1,,100.0,A,False,,map,63736.23306952386,0.0,0,False,/mnt/c/Users/Gamze/Desktop/projects/AstroTransit/outputs_discovery/json/TIC_427332476_S42.json,/mnt/c/Users/Gamze/Desktop/projects/AstroTransit/outputs_discovery/targets/TIC_427332476/figures,427332476,NOVEL_CANDIDATE,REJECT,low quality or likely false positive,SMALL_COOL_SECOND_LOOK,45,class A; snr>=5.5; 3+ transits; small-cool-second-look
TIC 373513128,TESS,TESS,18,373513128,0.791738,1.03,5742.0,10.7911,4.65374,4.72079667508063,75.0882038074985,6.576548169466089,7.28234583784441,770.1962847397326,6.580815596929102,4.563821348158584,6.566776389481527,0.4590590339616042,confirmed,True,6.562398090298378,0.006580815596929102,1791.8344214653723,1.9927133889783184,0.000790544145158445,790.544145158445,0.01594293129430797,0.0,0.45878279229699975,18.852038038823302,88.60551347373791,1.0,-1.0,-8.385186209802807,1.0000184808208137,1.3783644467831524,0.1228327629728566,0.06928173803110367,856.14882124529,127.37025958537758,2.926664363157459,254.1770582550244,6.566776389481527,6.566776389481527,0.06233150177174055,1605.395422170858,316.19836356619726,0.873208376037354,14800,4,1604.9937588706105,0.998003367809383,1.6370904631912708e-10,0.02857142857142857,False,False,False,53.703404682803324,7,0,1,,100.0,A,False,,map,74232.17619316313,0.0,0,False,/mnt/c/Users/Gamze/Desktop/projects/AstroTransit/outputs_discovery/json/TIC_373513128_S18.json,/mnt/c/Users/Gamze/Desktop/projects/AstroTransit/outputs_discovery/targets/TIC_373513128/figures,373513128,NOVEL_CANDIDATE,REJECT,low quality or likely false positive,SMALL_COOL_SECOND_LOOK,45,class A; snr>=5.5; 3+ transits; small-cool-second-look
TIC 293360863,TESS,TESS,42,293360863,0.750811,0.69,4409.04,10.2616,4.52586,5.20405038130196,3.48279183127452,19.52144158198319,7.750628116420605,714.221463492426,9.520888314095307,7.592815477033325,6.779072375564365,,period_mismatch,False,9.520888314095307,0.05517761522471787,2451.6169615158265,2.343053524103369,0.0006964984849814337,696.4984849814338,0.023733797625511484,0.0,0.0,0.0,0.0,0.0,0.0,0.0,1.0,1.9458629989155232,0.1734053204007553,0.07769015627541132,604.5483940552657,31.666150312764685,2.2989915456063863,563.2931497287346,6.779072375564365,6.779072375564365,0.0784964930115359,1228.907462583551,260.5638098491427,0.666663021851437,11044,3,0.0,0.9859962000258866,0.0,0.014285714285714285,False,False,False,6.703001886432247,7,0,1,,50.0,C,False,,cascade_only,0.0,0.0,0,False,/mnt/c/Users/Gamze/Desktop/projects/AstroTransit/outputs_discovery/json/TIC_293360863_S42.json,/mnt/c/Users/Gamze/Desktop/projects/AstroTransit/outputs_discovery/targets/TIC_293360863/figures,293360863,NOVEL_CANDIDATE,WATCHLIST,moderate candidate,SMALL_COOL_SECOND_LOOK,40,watchlist; class C; snr>=5.5; 3+ transits; small-cool-second-look
TIC 407459603,TESS,TESS,18,407459603,1.03429,1.05,5830.0,9.36144,4.42997,6.168560407167,75.4725883787243,13.713321307936072,8.108611550015432,384.1799218839981,9.374806439198254,3.7442324341885964,5.899855009862623,1.104290034919308,period_mismatch,False,9.374806439198254,0.06440612347275909,1790.7196064041093,4.18048421653792,0.00028160923924647197,281.609239246472,0.01509143705021441,0.0,0.0,0.0,0.0,0.0,0.0,0.0,1.0,1.7044619890490849,0.15189290175448608,0.08844418625485385,879.3459940816197,141.74578045452887,1.3382661269008713,227.75147224058423,5.899855009862623,5.899855009862623,0.05647155188084754,789.073869567809,178.40355791682677,0.8859105608991122,15064,3,0.0,0.9865166912638951,0.0,0.0,False,False,False,0.0,8,0,0,,50.0,C,False,,cascade_only,0.0,0.0,0,False,/mnt/c/Users/Gamze/Desktop/projects/AstroTransit/outputs_discovery/json/TIC_407459603_S18.json,/mnt/c/Users/Gamze/Desktop/projects/AstroTransit/outputs_discovery/targets/TIC_407459603/figures,407459603,NOVEL_CANDIDATE,WATCHLIST,moderate candidate,SMALL_COOL_SECOND_LOOK,40,watchlist; class C; snr>=5.5; 3+ transits; small-cool-second-look
TIC 437739969,TESS,TESS,17,437739969,0.742846,0.77,4766.0,7.7785,4.58276,3.01676554162231,27.0989540581755,9.916995566533624,10.138091625580783,197.2495194870749,10.236173609295385,3.166327111067012,6.541118004556851,0.04914274205591695,period_mismatch,False,10.236173609295385,0.05800307082106926,1768.0798205622323,2.0025474688747957,0.00028535854667044447,285.35854667044447,0.01519156754978636,0.0,0.0,0.0,0.0,0.0,0.0,0.0,1.0,1.2322980932904155,0.10981607945438983,0.08457071223592681,623.0145015567427,35.71606494815575,2.6489546390322016,230.78372461972194,6.541118004556851,6.541118004556851,0.06638067699542181,415.06060405004524,97.55397061858653,0.7696918124265933,13014,2,0.0,0.994322546779041,0.0,0.0,False,False,False,5.252288693524676,7,0,0,,50.0,C,False,,cascade_only,0.0,0.0,0,False,/mnt/c/Users/Gamze/Desktop/projects/AstroTransit/outputs_discovery/json/TIC_437739969_S17.json,/mnt/c/Users/Gamze/Desktop/projects/AstroTransit/outputs_discovery/targets/TIC_437739969/figures,437739969,NOVEL_CANDIDATE,WATCHLIST,moderate candidate,SMALL_COOL_SECOND_LOOK,35,watchlist; class C; snr>=5.5; small-cool-second-look
TIC 405189795,TESS,TESS,42,405189795,0.763642,0.67,4298.0,9.7052,4.49836,3.62297353594702,7.80675752693826,14.930452763292626,7.213494688767435,850.5780539778129,10.162978184995614,3.53530179518996,5.843320437055486,1.2760144798291257,period_mismatch,False,10.162978184995614,0.05275229265120096,2452.581174527442,1.806859546914374,0.0006032256513645029,603.2256513645029,0.022087524658527077,0.0,0.0,0.0,0.0,0.0,0.0,0.0,1.0,1.8418372499180853,0.16413507971840374,0.08035327474367396,584.4054279751495,27.652088980281995,2.1217076743430185,487.8587455410417,5.843320437055486,5.843320437055486,0.06435822519705323,928.0602737784602,191.95040343115562,0.6681741099922018,11055,2,0.0,0.9997054844572144,0.0,0.015789473684210527,False,False,False,18.078304564239644,6,0,1,,49.76651059750894,C,False,,cascade_only,0.0,0.0,0,False,/mnt/c/Users/Gamze/Desktop/projects/AstroTransit/outputs_discovery/json/TIC_405189795_S42.json,/mnt/c/Users/Gamze/Desktop/projects/AstroTransit/outputs_discovery/targets/TIC_405189795/figures,405189795,NOVEL_CANDIDATE,WATCHLIST,moderate candidate,SMALL_COOL_SECOND_LOOK,35,watchlist; class C; snr>=5.5; small-cool-second-look
TIC 461590771,TESS,TESS,18,461590771,0.647968,0.71,4524.37,10.3933,4.66622,5.07234973713949,86.3414209129815,22.265209116827517,7.511750869403175,1826.7370518257885,8.130527644560388,5.311212564167377,6.069124080027972,1.81511523096931,period_mismatch,False,8.130527644560388,0.044773810122113566,1791.4081374850302,1.5434403181383631,0.000757447463976324,757.447463976324,0.024750467399442217,0.0,0.0,0.0,0.0,0.0,0.0,0.0,1.0,1.7512629579688823,0.15606356382839687,0.07059868110224438,604.5626551305397,31.669138390062226,3.680254364121603,612.585636490852,6.069124080027972,6.069124080027972,0.05775363175271288,1298.1592419396595,250.0477790773436,0.8561845769299524,14163,3,0.0,0.9821034055595139,1.8903492392224985e-10,0.02857142857142857,False,False,False,13.25932369722338,7,0,1,,50.0,C,False,,cascade_only,0.0,0.0,0,False,/mnt/c/Users/Gamze/Desktop/projects/AstroTransit/outputs_discovery/json/TIC_461590771_S18.json,/mnt/c/Users/Gamze/Desktop/projects/AstroTransit/outputs_discovery/targets/TIC_461590771/figures,461590771,NOVEL_CANDIDATE,WATCHLIST,moderate candidate,SMALL_COOL_SECOND_LOOK,32,watchlist; class C; snr>=5.5; 3+ transits; moderate odd-even mismatch; small-cool-second-look
TIC 373150643,TESS,TESS,18,373150643,0.714477,0.937,5395.0,10.516,4.70183,1.69810300354861,73.9485272605218,23.06673852286133,18.66501988611645,4651.365220650794,11.666006868616156,8.172283286013188,17.376703236164545,,confirmed,True,11.651353699709428,0.011666006868616156,1791.4005851596457,1.8232762787102783,0.0027665294848867594,2766.5294848867593,0.05471290813131826,0.0,0.3037893754900413,29.64926992442286,89.41293145878416,1.0,0.17377905571965194,-7.624385501280007,1.0000200646863993,4.26866870693255,0.38040183981238845,0.09843029171397782,641.1001912012457,40.047425971315306,3.6228887339126215,2993.5023161860718,17.376703236164545,17.376703236164545,0.14655634811478208,1613.6119028024132,398.9427613778894,0.8892621317056588,15121,2,1596.1092999409136,0.9940933326667345,0.0,0.0,False,False,False,27.846095975281315,7,0,0,,100.0,A,False,,map,75929.26442805764,0.0,0,False,/mnt/c/Users/Gamze/Desktop/projects/AstroTransit/outputs_discovery/json/TIC_373150643_S18.json,/mnt/c/Users/Gamze/Desktop/projects/AstroTransit/outputs_discovery/targets/TIC_373150643/figures,373150643,NOVEL_CANDIDATE,FOLLOWUP,strong candidate,STANDARD_FOLLOWUP,65,followup; class A; snr>=10; standard-followup
TIC 407430919,TESS,TESS,18,407430919,0.756542,0.75,4705.0,9.4243,4.55546,5.92196415413379,75.0544784714333,11.631954100549944,25.404027466858782,2196.2540701557787,11.581733368004478,6.210820330818122,12.212065543170379,,confirmed,True,11.791489163788242,0.011581733368004478,1791.1863694492945,2.0058709304580438,0.0017805053261945591,1780.505326194559,0.039072165516121825,0.0,0.28825961562603525,25.872833524651327,89.36163153236461,0.420507713104782,0.14388160749479798,-7.452899792699927,1.000008024088279,3.22786173496778,0.28765046597493044,0.09212217356323402,594.7011499814805,29.652826384759205,2.4425434468826603,1526.6341181192195,12.212065543170379,12.212065543170379,0.16944561802436114,948.9060070576703,305.65121753631894,0.8893797103496677,15123,2,948.9060806751966,0.9646305052820807,0.0,0.0,False,False,False,0.0,7,0,0,,100.0,A,False,,map,83813.28745726366,0.0,0,False,/mnt/c/Users/Gamze/Desktop/projects/AstroTransit/outputs_discovery/json/TIC_407430919_S18.json,/mnt/c/Users/Gamze/Desktop/projects/AstroTransit/outputs_discovery/targets/TIC_407430919/figures,407430919,NOVEL_CANDIDATE,FOLLOWUP,strong candidate,STANDARD_FOLLOWUP,65,followup; class A; snr>=10; standard-followup
TIC 194459612,TESS,TESS,17,194459612,0.800908,0.79,4837.0,8.5916,4.52853,4.18775993835299,41.0691634675609,23.009280548590993,26.18499367765236,926.9736456801736,11.651307944283293,10.12980494772063,11.184172017694761,,confirmed,True,12.958890850138559,0.011651307944283294,1774.8437202452274,4.129577610710722,0.001286971221670763,1286.971221670763,0.03876082681231299,0.0,0.0,24.966083985718836,90.0,0.007007316350788201,-0.6094230300574458,-6.837989203919306,1.0000153986764337,3.3899247864402167,0.3020926930902845,0.09982030735009506,604.3140186388109,31.617072671510808,2.1684996676408788,1502.4016951741219,11.184172017694761,11.184172017694761,0.1457473951823818,1222.2424536487704,295.95163252124837,0.7800072939917293,13087,2,1215.8692885005205,0.9528027639887527,0.0,0.0,False,False,False,31.870890377927452,7,0,0,,100.0,A,False,,map,69273.75977860903,0.0,0,False,/mnt/c/Users/Gamze/Desktop/projects/AstroTransit/outputs_discovery/json/TIC_194459612_S17.json,/mnt/c/Users/Gamze/Desktop/projects/AstroTransit/outputs_discovery/targets/TIC_194459612/figures,194459612,NOVEL_CANDIDATE,FOLLOWUP,strong candidate,STANDARD_FOLLOWUP,65,followup; class A; snr>=10; standard-followup
TIC 274805229,TESS,TESS,18,274805229,0.813806,0.75,4708.0,10.4291,4.49209,7.81609266008073,73.7586716294639,11.676971255067985,11.777835187830636,2159.5183340011868,11.681119652194466,4.885234646945163,10.53441799783136,,confirmed,True,11.697391636878455,0.011681119652194467,1791.1423897869543,2.1692486210883875,0.0012394176855262673,1239.4176855262674,0.025260578417477815,0.0,0.3065028840854596,24.18967814290665,89.27399647456592,0.4170737611124355,0.1745359894049813,-7.86177359681338,1.0000161771160332,2.244804770291544,0.20004547629843097,0.0916314219198025,618.8414599626518,34.768710970722665,1.9623603700910976,638.0968219855461,10.53441799783136,10.53441799783136,0.08571201030860097,1360.9308300716164,301.7112205420717,0.8754136608217395,14833,2,1360.6143069784896,0.997635199283977,0.0,0.0,False,False,False,9.543274474776986,7,0,0,,100.0,A,False,,map,76855.18128467802,0.0,0,False,/mnt/c/Users/Gamze/Desktop/projects/AstroTransit/outputs_discovery/json/TIC_274805229_S18.json,/mnt/c/Users/Gamze/Desktop/projects/AstroTransit/outputs_discovery/targets/TIC_274805229/figures,274805229,NOVEL_CANDIDATE,FOLLOWUP,strong candidate,STANDARD_FOLLOWUP,65,followup; class A; snr>=10; standard-followup
TIC 326682209,TESS,TESS,57,326682209,1.14755,1.09,5965.0,7.2731,4.35595,1.9670231497224,55.5770423444705,14.109682399392126,38.73421721789387,678.8342903063516,14.133447236601423,7.854927018645436,24.114892742708037,4.853347913377817,confirmed,True,16.523799524489437,0.014133447236601423,2863.2495410162755,5.425026532123482,0.0006184853976289872,618.4853976289872,0.01621902656158789,0.0,0.9667642888393715,22.063624508905885,87.48866041630424,0.3152283371275678,0.4424115055814801,-8.074265002857603,1.0000055837936837,2.0324075549557215,0.1811177269152199,0.1306712649235876,779.6701836865803,87.60213409615578,1.0171659410923535,263.05682260549344,24.114892742708037,24.114892742708037,0.21028389821465018,400.7761234793962,148.74201360542148,0.8685078074113433,17979,2,400.67453782479265,0.9894079604920365,0.0,0.2631578947368421,False,False,True,52.33065943510695,6,1,0,odd_even_mismatch,100.0,A,False,,map,115132.57657935157,0.0,0,False,/mnt/c/Users/Gamze/Desktop/projects/AstroTransit/outputs_discovery/json/TIC_326682209_S57.json,/mnt/c/Users/Gamze/Desktop/projects/AstroTransit/outputs_discovery/targets/TIC_326682209/figures,326682209,NOVEL_CANDIDATE,FOLLOWUP,strong candidate,STANDARD_FOLLOWUP,20,followup; class A; snr>=20; binary-suspect; high odd-even mismatch; standard-followup
