source_id,mission,instrument,sector,tic_id,stellar_radius,stellar_mass,stellar_teff,stellar_tmag,stellar_logg,stellar_ra,stellar_dec,bls_period,bls_power,bls_depth_ppm,tls_period,tls_sde,tls_snr,tls_odd_even_mismatch,cascade_status,cascade_confirmed,period,period_err,t0,duration_hours,depth,depth_ppm,rp_rs,rp_rs_err,impact_parameter,a_over_rs,inclination_deg,u1,u2,log_jitter,baseline,planet_radius_rearth,planet_radius_rjup,semi_major_axis_au,equilibrium_temperature_k,insolation_flux,stellar_density_gcm3,transit_depth_ppm,snr_adopted,snr_tls,snr_dutycycle,noise_ppm,cdpp_1hr_ppm,data_completeness,n_points,n_transits,residual_rms_ppm,transit_symmetry,timing_rms_min,fpp,is_false_positive,is_variable_star,is_binary_suspect,secondary_eclipse_depth_ppm,n_vetting_pass,n_vetting_fail,n_vetting_warn,vetting_flags,total_score,candidate_class,is_anomalous,anomaly_flags,fit_method,log_likelihood,r_hat_max,n_divergences,mcmc_converged,json_path,figure_dir,tid,novelty_status
TIC 326682209,TESS,TESS,57,326682209,1.14755,1.09,5965.0,7.2731,4.35595,1.9670231497224,55.5770423444705,14.109682399392126,38.73421721789387,678.8342903063516,14.133447236601423,7.854927018645436,24.114892742708037,4.853347913377817,confirmed,True,16.523799524489437,0.014133447236601423,2863.2495410162755,5.425026532123482,0.0006184853976289872,618.4853976289872,0.01621902656158789,0.0,0.9667642888393715,22.063624508905885,87.48866041630424,0.3152283371275678,0.4424115055814801,-8.074265002857603,1.0000055837936837,2.0324075549557215,0.1811177269152199,0.1306712649235876,779.6701836865803,87.60213409615578,1.0171659410923535,263.05682260549344,24.114892742708037,24.114892742708037,0.21028389821465018,400.7761234793962,148.74201360542148,0.8685078074113433,17979,2,400.67453782479265,0.9894079604920365,0.0,0.2631578947368421,False,False,True,52.33065943510695,6,1,0,odd_even_mismatch,100.0,A,False,,map,115132.57657935157,0.0,0,False,/mnt/c/Users/Gamze/Desktop/projects/AstroTransit/outputs_discovery/json/TIC_326682209_S57.json,/mnt/c/Users/Gamze/Desktop/projects/AstroTransit/outputs_discovery/targets/TIC_326682209/figures,326682209,NOVEL_CANDIDATE
TIC 373062137,TESS,TESS,18,373062137,0.919111,1.064,5876.0,10.4682,4.53827,0.438759432731815,74.4120817577702,22.872671814927685,27.451673820716433,4659.658914447528,11.528279757526013,8.548304710614033,23.0723408523693,,confirmed,True,11.552227335714395,0.011528279757526013,1791.3924980469633,2.1889135590659343,0.003274788962782882,3274.7889627828818,0.05980919562113246,0.0,0.29525112276228255,23.855937668482703,89.2908652191469,1.0,0.1384740728586192,-7.640052029830002,1.0000205408369425,6.002750929572936,0.5349343447142222,0.10210703804107114,777.5756409257656,86.66456663178904,1.9324928701471478,3577.1398808468903,23.0723408523693,23.0723408523693,0.21925544724171142,1422.821159225964,546.1464912940907,0.8829500230614148,14981,2,1392.396430298949,0.9945766167549299,0.0,0.0,False,False,False,0.0,7,0,0,,100.0,A,False,,map,77269.9770780558,0.0,0,False,/mnt/c/Users/Gamze/Desktop/projects/AstroTransit/outputs_discovery/json/TIC_373062137_S18.json,/mnt/c/Users/Gamze/Desktop/projects/AstroTransit/outputs_discovery/targets/TIC_373062137/figures,373062137,NOVEL_CANDIDATE
TIC 373150643,TESS,TESS,18,373150643,0.714477,0.937,5395.0,10.516,4.70183,1.69810300354861,73.9485272605218,23.06673852286133,18.66501988611645,4651.365220650794,11.666006868616156,8.172283286013188,17.376703236164545,,confirmed,True,11.651353699709428,0.011666006868616156,1791.4005851596457,1.8232762787102783,0.0027665294848867594,2766.5294848867593,0.05471290813131826,0.0,0.3037893754900413,29.64926992442286,89.41293145878416,1.0,0.17377905571965194,-7.624385501280007,1.0000200646863993,4.26866870693255,0.38040183981238845,0.09843029171397782,641.1001912012457,40.047425971315306,3.6228887339126215,2993.5023161860718,17.376703236164545,17.376703236164545,0.14655634811478208,1613.6119028024132,398.9427613778894,0.8892621317056588,15121,2,1596.1092999409136,0.9940933326667345,0.0,0.0,False,False,False,27.846095975281315,7,0,0,,100.0,A,False,,map,75929.26442805764,0.0,0,False,/mnt/c/Users/Gamze/Desktop/projects/AstroTransit/outputs_discovery/json/TIC_373150643_S18.json,/mnt/c/Users/Gamze/Desktop/projects/AstroTransit/outputs_discovery/targets/TIC_373150643/figures,373150643,NOVEL_CANDIDATE
TIC 347299560,TESS,TESS,24,347299560,0.822076,0.8,4878.0,8.1797,4.51133,1.46007362197156,56.5002243832995,14.203495220748497,19.9292573769662,717.1405815888932,4.738980447569755,7.291311934159032,10.804278558282869,1.3622875533570336,confirmed,True,4.767362724798655,0.004738980447569755,1955.575820267172,3.9110517560469287,0.00032634667260822425,326.34667260822425,0.00812300547014314,0.0,1.0023923122533585,13.40856223254769,85.71270366246893,0.5285020585028148,-0.14563603424031324,-7.5220459313067956,0.9999957486342305,0.7291940451543587,0.06498202962119425,0.05146517387182427,859.8956968038264,129.61464778494678,2.030646105024197,65.98321786797538,10.804278558282869,10.804278558282869,0.09741086690819464,688.6293393891956,205.65229128106282,0.9006999668822193,17170,6,688.6371016823957,0.9961471651227511,2.3151955358767474e-10,0.02857142857142857,False,False,False,0.0,7,0,1,,100.0,A,False,,map,100627.83729459696,0.0,0,False,/mnt/c/Users/Gamze/Desktop/projects/AstroTransit/outputs_discovery/json/TIC_347299560_S24.json,/mnt/c/Users/Gamze/Desktop/projects/AstroTransit/outputs_discovery/targets/TIC_347299560/figures,347299560,NOVEL_CANDIDATE
TIC 201778444,TESS,TESS,57,201778444,0.929773,0.95,5460.0,9.5194,4.47904,2.21948306641324,53.2132477084754,10.672304447353872,11.915091703822199,1006.7858815332453,10.679021693507126,4.340157108378451,8.982545317793111,,confirmed,True,10.528676007642373,0.010679021693507127,2851.7905729181452,1.931291167783076,0.0006846343482083128,684.6343482083128,0.014743288372613905,0.0,0.7061649124636148,21.578743781714575,88.12465940170584,0.43420475954943816,0.30387744843368253,-8.106841358180274,1.0000153594317058,1.4968755301790837,0.13339386228908048,0.09242476617834626,763.8210884799968,80.69331559773556,1.6667596484690532,217.36455203805238,8.982545317793111,8.982545317793111,0.07783721559923812,860.0812463204752,244.69132508852599,0.8685079302270856,17979,3,859.8684881752279,0.9506395742248023,3.780698478444997e-10,0.0,False,False,False,16.691711628880057,8,0,0,,100.0,A,False,,map,101399.34335000608,0.0,0,False,/mnt/c/Users/Gamze/Desktop/projects/AstroTransit/outputs_discovery/json/TIC_201778444_S57.json,/mnt/c/Users/Gamze/Desktop/projects/AstroTransit/outputs_discovery/targets/TIC_201778444/figures,201778444,NOVEL_CANDIDATE
TIC 439949948,TESS,TESS,17,439949948,0.61088,0.61,3947.0,7.4218,4.65149,1.42084507877455,45.8103759730057,13.432545592665582,15.395588019243053,550.7238590236607,6.7198919810645,4.024779863534333,7.9693993731543165,,confirmed,True,6.741638752115444,0.006719891981064501,1767.9826196909917,1.4125353905163567,0.0005883174971367255,588.3174971367256,0.011407905900717719,0.0,0.33709685869619427,20.80669690908717,89.07168963814225,0.3874789467296425,0.13324389418959715,-7.539557742431018,1.000010377043541,0.7609852432817136,0.0678150979822609,0.059235889492045266,559.0586091384658,23.157962187468975,3.773481964618608,130.14031703963013,7.9693993731543165,7.9693993731543165,0.08877284557912359,653.9697860554218,160.46104695467878,0.7798879466124904,13085,3,653.8180529809633,0.972937024022885,1.8903492392224985e-10,0.0,False,False,False,0.0,8,0,0,,100.0,A,False,,map,77380.5994582484,0.0,0,False,/mnt/c/Users/Gamze/Desktop/projects/AstroTransit/outputs_discovery/json/TIC_439949948_S17.json,/mnt/c/Users/Gamze/Desktop/projects/AstroTransit/outputs_discovery/targets/TIC_439949948/figures,439949948,NOVEL_CANDIDATE
TIC 439946042,TESS,TESS,17,439946042,0.85807,0.99,5586.0,9.0362,4.56666,1.23907192012504,45.6748067955156,8.550842872742281,16.33465873527817,321.58245217039916,8.540646136378415,3.040103428733683,7.452918378962293,,confirmed,True,8.596382399585794,0.008540646136378414,1769.3485335733187,1.6296329576858162,0.0003549456221753067,354.94562217530665,0.010449133263142696,0.0,0.9166251603281719,20.42476522396285,87.42780895147607,0.642371380181286,-0.05129434732311449,-7.956140456489076,1.0000065177656836,0.9790782087463893,0.08725042337496848,0.08185656826588358,797.7011918046511,95.9913159007019,2.2097706615624197,109.18438595091513,7.452918378962293,7.452918378962293,0.0882144560689854,425.5318784336622,113.65931970152137,0.7791727151119319,13073,3,425.52447078067473,0.9740981788442344,0.0,0.0,False,False,False,0.0,8,0,0,,100.0,A,False,,map,82924.5118149361,0.0,0,False,/mnt/c/Users/Gamze/Desktop/projects/AstroTransit/outputs_discovery/json/TIC_439946042_S17.json,/mnt/c/Users/Gamze/Desktop/projects/AstroTransit/outputs_discovery/targets/TIC_439946042/figures,439946042,NOVEL_CANDIDATE
TIC 373150657,TESS,TESS,18,373150657,0.794436,0.82,4986.0,9.2822,4.55176,1.64648644844857,73.9393644539257,0.3109829962973676,16.313115352393766,195.43717477144008,0.6228899874238611,6.091079922414728,4.003536218635779,0.3276293787881078,confirmed,True,0.6342449249070268,0.0006228899874238612,1791.0572162104854,0.116113912430934,0.0002042536289900143,204.2536289900143,0.013333747270274973,0.0,0.9260654686272068,3.6165475195965806,75.16339403541872,0.47977761358934967,-0.30944707171090585,-7.542425349791283,1.0000176622163723,1.1567127789116565,0.10308030429203496,0.013523027639354377,1685.5804341938,1913.6781905074722,2.3063078008151447,177.78881626756527,4.003536218635779,4.003536218635779,0.019530727790454505,907.6377551000472,223.8250882372131,0.8892621553274136,15121,38,907.1472735616336,0.97475237604098,9.045027151073996e-10,0.23809523809523808,False,False,False,166.6503022598187,7,1,0,secondary_eclipse,100.0,A,False,,map,84470.40370321625,0.0,0,False,/mnt/c/Users/Gamze/Desktop/projects/AstroTransit/outputs_discovery/json/TIC_373150657_S18.json,/mnt/c/Users/Gamze/Desktop/projects/AstroTransit/outputs_discovery/targets/TIC_373150657/figures,373150657,NOVEL_CANDIDATE
TIC 388637626,TESS,TESS,18,388637626,0.880214,1.05,5830.0,10.396,4.57008,2.04479520537834,82.8659803885828,10.958840981411347,72.4261151907144,8388.210872916636,11.239312089248346,9.924815306482683,49.39310577862996,,period_mismatch,False,11.239312089248346,inf,1791.4401568720575,2.2198550498019105,0.008836145108396476,8836.145108396477,0.08453539114723282,0.0,0.0,0.0,0.0,0.0,0.0,0.0,1.0,8.125334270714365,0.7240880747317353,0.09981310622038536,763.6135429637648,80.60564736563886,2.171224082141792,7146.23235641565,49.39310577862996,49.39310577862996,0.5902390638217745,1678.1353316672069,1119.50949518103,0.8262556813318462,13406,2,0.0,0.9834223288122487,0.0,0.0,False,False,False,0.0,7,0,0,,50.0,C,False,,cascade_only,0.0,0.0,0,False,/mnt/c/Users/Gamze/Desktop/projects/AstroTransit/outputs_discovery/json/TIC_388637626_S18.json,/mnt/c/Users/Gamze/Desktop/projects/AstroTransit/outputs_discovery/targets/TIC_388637626/figures,388637626,NOVEL_CANDIDATE
TIC 238432056,TESS,TESS,17,238432056,0.889627,0.96,5489.0,5.3971,4.52192,1.6532670438182,29.0215028909291,13.003978595327686,123.37451462258512,1017.4989854419003,3.8473474971877732,8.204908593279377,28.399098464563668,1.9791000418230436,period_mismatch,False,3.8473474971877732,0.03579046652540052,1764.8082981674113,2.753838758840328,0.0005781022081057241,578.1022081057241,0.02162267700368075,0.0,0.0,0.0,0.0,0.0,0.0,0.0,1.0,2.1005441513178473,0.18718971056965822,0.04740556620686244,1048.7869055529106,286.82698462295696,1.9227708579780365,467.54016080550434,28.399098464563668,28.399098464563668,0.32173873855988394,434.6681401439673,302.61931101264344,0.7701055921239893,13021,7,0.0,0.8827991732866568,4.630391071753495e-10,0.0,False,False,False,0.0,8,0,0,,50.0,C,False,,cascade_only,0.0,0.0,0,False,/mnt/c/Users/Gamze/Desktop/projects/AstroTransit/outputs_discovery/json/TIC_238432056_S17.json,/mnt/c/Users/Gamze/Desktop/projects/AstroTransit/outputs_discovery/targets/TIC_238432056/figures,238432056,NOVEL_CANDIDATE
TIC 405187645,TESS,TESS,42,405187645,1.03381,1.07,5895.0,7.019,4.43857,2.10727337408121,6.61680227296907,19.68883681605033,93.2037186352775,1873.9767781146277,6.8701931964878185,4.376413503548515,26.810311081092614,14.166433847366207,period_mismatch,False,6.8701931964878185,0.13047076195716523,2454.424501803419,4.582382483452513,0.0009888430204912924,988.8430204912924,0.028279441168847955,0.0,0.0,0.0,0.0,0.0,0.0,0.0,1.0,3.192463570132663,0.2844959632590387,0.07234444850273322,982.8930988072447,221.2565441006189,1.3656573773704586,799.7267928223326,26.810311081092614,26.810311081092614,0.33520306298302505,605.1830410143991,356.3763695260249,0.6688744794414275,11090,3,0.0,0.8752462972377374,0.0,0.2523809523809524,False,False,True,14.88603579391512,6,1,1,odd_even_mismatch,50.0,C,False,,cascade_only,0.0,0.0,0,False,/mnt/c/Users/Gamze/Desktop/projects/AstroTransit/outputs_discovery/json/TIC_405187645_S42.json,/mnt/c/Users/Gamze/Desktop/projects/AstroTransit/outputs_discovery/targets/TIC_405187645/figures,405187645,NOVEL_CANDIDATE
TIC 352179145,TESS,TESS,17,352179145,0.713032,0.63,4017.0,7.543,4.53119,4.27655780322779,40.9482969968157,13.044120480289408,35.13260564829177,962.7746727054465,11.439335471795898,3.4685263593248385,18.873118515051548,,period_mismatch,False,11.439335471795898,0.04638101011997975,1764.7772961124551,1.5539689372388596,0.0008600098778168697,860.0098778168697,0.026372959422188348,0.0,0.0,0.0,0.0,0.0,0.0,0.0,1.0,2.05344126772776,0.1829921434103614,0.08518151600531436,512.6115374550749,16.3690881889957,2.450719748963519,695.5329886843931,18.873118515051548,18.873118515051548,0.2034257383141422,448.2454639774349,196.57182935762003,0.7799941886309468,13086,3,0.0,0.9778677524498123,0.0,0.0,False,False,False,0.0,8,0,0,,50.0,C,False,,cascade_only,0.0,0.0,0,False,/mnt/c/Users/Gamze/Desktop/projects/AstroTransit/outputs_discovery/json/TIC_352179145_S17.json,/mnt/c/Users/Gamze/Desktop/projects/AstroTransit/outputs_discovery/targets/TIC_352179145/figures,352179145,NOVEL_CANDIDATE
TIC 439996850,TESS,TESS,17,439996850,1.16063,1.02,5728.0,8.0659,4.31728,2.28277813423353,45.5243811318902,6.5957932232056224,29.922333090911025,947.0186804524383,4.401293596981365,6.388858583471634,14.341681864759641,1.4266181079299867,period_mismatch,False,4.401293596981365,0.01948145226302156,1768.6557792320452,1.3651504436380026,0.0006695937982544864,669.5937982544864,0.02327088275803726,0.0,0.0,0.0,0.0,0.0,0.0,0.0,1.0,2.949314244985727,0.26282774373082396,0.05291168616178163,1183.2562894694518,464.7145475745168,0.9200235822443361,541.5339843383159,14.341681864759641,14.341681864759641,0.13632347526910732,614.3027863799637,310.2937218738672,0.7800072122512965,13087,5,0.0,0.985128907647359,2.5361696400699115e-10,0.0,False,False,False,0.0,8,0,0,,50.0,C,False,,cascade_only,0.0,0.0,0,False,/mnt/c/Users/Gamze/Desktop/projects/AstroTransit/outputs_discovery/json/TIC_439996850_S17.json,/mnt/c/Users/Gamze/Desktop/projects/AstroTransit/outputs_discovery/targets/TIC_439996850/figures,439996850,NOVEL_CANDIDATE
TIC 365961623,TESS,TESS,17,365961623,0.804821,0.64,4079.0,9.8191,4.43285,3.74607087859692,33.2615253697497,22.245503287921878,16.9076944441132,2426.727617588331,11.431964273986848,3.7677098155297455,12.244388012316858,5.717809148134483,period_mismatch,False,11.431964273986848,0.055283810400458044,1772.5802727025614,1.9064783740739197,0.001333698022591312,1333.6980225913119,0.03284247669970588,0.0,0.0,0.0,0.0,0.0,0.0,0.0,1.0,2.8863540266382164,0.25721705230951825,0.08559305904408003,551.6819796962925,21.959688467991395,1.7312597742487636,1078.6282757707236,12.244388012316858,12.244388012316858,0.12704721416784776,990.8236131781099,328.61487656752706,0.7699283938445611,13018,2,0.0,0.9695343838307401,0.0,0.2631578947368421,False,False,True,0.0,6,1,0,odd_even_mismatch,50.0,C,False,,cascade_only,0.0,0.0,0,False,/mnt/c/Users/Gamze/Desktop/projects/AstroTransit/outputs_discovery/json/TIC_365961623_S17.json,/mnt/c/Users/Gamze/Desktop/projects/AstroTransit/outputs_discovery/targets/TIC_365961623/figures,365961623,NOVEL_CANDIDATE
TIC 22527304,TESS,TESS,17,22527304,0.935897,0.96,5489.0,7.2538,4.47788,2.8434890528423,30.4495762013421,13.043976918845296,33.07010095021781,541.5283335068466,11.741452117730994,10.143972339375749,11.880756500608376,,period_mismatch,False,11.741452117730994,inf,1776.4230671046653,4.496406615645819,0.0005223764963170341,522.3764963170341,0.020554123464560616,0.0,0.0,0.0,0.0,0.0,0.0,0.0,1.0,2.100590583735589,0.1871938483883433,0.0997400549061735,741.6127265402422,71.70999256750801,1.6514568522253206,422.47199139640134,11.880756500608376,11.880756500608376,0.18327653202021288,410.17279249759247,158.8579529465714,0.7701057787646656,13021,2,0.0,0.9406619135595444,0.0,0.0,False,False,False,0.0,7,0,0,,50.0,C,False,,cascade_only,0.0,0.0,0,False,/mnt/c/Users/Gamze/Desktop/projects/AstroTransit/outputs_discovery/json/TIC_22527304_S17.json,/mnt/c/Users/Gamze/Desktop/projects/AstroTransit/outputs_discovery/targets/TIC_22527304/figures,22527304,NOVEL_CANDIDATE
TIC 373278642,TESS,TESS,18,373278642,0.789362,0.874,5163.0,10.9051,4.58503,1.9943579653179,77.8378643329784,12.020150965742335,14.300967842623445,3463.400807136807,10.65050288613579,4.90426195842432,11.54563541597393,,period_mismatch,False,10.65050288613579,0.05071318839059735,1791.408506203825,1.4182993554943815,0.002232793778873643,2232.793778873643,0.04249437572978404,0.0,0.0,0.0,0.0,0.0,0.0,0.0,1.0,3.6628747410274607,0.32641659171775794,0.0905833834200583,672.234319721253,48.412075836901955,2.5058954622416754,1805.7719686640587,11.54563541597393,11.54563541597393,0.11461661265185476,1832.3881073260131,513.5004116478515,0.8614875388951595,14448,3,0.0,0.9957992933418536,1.8903492392224985e-10,0.0,False,False,False,0.0,8,0,0,,50.0,C,False,,cascade_only,0.0,0.0,0,False,/mnt/c/Users/Gamze/Desktop/projects/AstroTransit/outputs_discovery/json/TIC_373278642_S18.json,/mnt/c/Users/Gamze/Desktop/projects/AstroTransit/outputs_discovery/targets/TIC_373278642/figures,373278642,NOVEL_CANDIDATE
TIC 373236404,TESS,TESS,18,373236404,0.99833,0.96,5467.0,8.4334,4.42179,2.19309440124477,73.0185418532785,23.498555788299022,14.563578685624538,1369.9936127485878,11.360808390628222,4.284820239358288,9.644858061164129,,period_mismatch,False,11.360808390628222,0.040951683859702825,1791.394774533015,1.6175321905981757,0.0003969572575074354,396.9572575074354,0.01791756629704878,0.0,0.0,0.0,0.0,0.0,0.0,0.0,1.0,1.9532936593783028,0.1740675027121799,0.09757260174770586,771.3063542091435,83.90321809101569,1.36059550226181,321.03918200913836,9.644858061164129,9.644858061164129,0.07953945845835722,490.671070316937,118.43147722275982,0.8890857091288674,15118,3,0.0,0.9917774390066554,0.0,0.0,False,False,False,1.0355257820116037,8,0,0,,50.0,C,False,,cascade_only,0.0,0.0,0,False,/mnt/c/Users/Gamze/Desktop/projects/AstroTransit/outputs_discovery/json/TIC_373236404_S18.json,/mnt/c/Users/Gamze/Desktop/projects/AstroTransit/outputs_discovery/targets/TIC_373236404/figures,373236404,NOVEL_CANDIDATE
TIC 365963199,TESS,TESS,17,365963199,1.1062,0.75,4705.0,7.8774,4.22546,4.04828325619788,30.5325787133942,19.388648235291228,35.825673891261374,1139.4187517917987,11.74147081519583,7.465799409822122,8.573551212744142,,period_mismatch,False,11.74147081519583,inf,1776.3228218007232,2.538105873454637,0.0009667227591456662,966.7227591456661,0.02796134888482774,0.0,0.0,0.0,0.0,0.0,0.0,0.0,1.0,3.377584094442161,0.30099295397654297,0.09186147350959074,720.1359106189998,63.757143962652194,0.7813407314187389,781.8370314590575,8.573551212744142,8.573551212744142,0.11389426761145895,927.5431595359122,280.26130105856794,0.7701058433164606,13021,2,0.0,0.9834601427969273,0.0,0.0,False,False,False,0.0,7,0,0,,50.0,C,False,,cascade_only,0.0,0.0,0,False,/mnt/c/Users/Gamze/Desktop/projects/AstroTransit/outputs_discovery/json/TIC_365963199_S17.json,/mnt/c/Users/Gamze/Desktop/projects/AstroTransit/outputs_discovery/targets/TIC_365963199/figures,365963199,NOVEL_CANDIDATE
TIC 117956546,TESS,TESS,57,117956546,0.0,0.0,0.0,5.043,0.0,0.543088080825098,27.0817991094254,21.238048149106568,13.276987145948477,134.79583458197996,13.354153946060583,2.437868519179518,7.262185133473385,2.259958127687078,period_mismatch,False,13.354153946060583,0.08332736541402674,2866.594870352986,2.7815502506391994,8.133928014919523e-05,81.33928014919522,0.008110680786509948,0.0,0.0,0.0,0.0,0.0,0.0,0.0,1.0,0.0,0.0,0.0,0.0,0.0,0.0,0.0,7.262185133473385,7.262185133473385,0.061511257909745785,129.76316132825747,30.32951661035891,0.867783600705801,17964,2,0.0,0.9983377669329839,0.0,0.07894736842105263,False,False,False,0.0,6,0,1,,50.0,C,False,,cascade_only,0.0,0.0,0,False,/mnt/c/Users/Gamze/Desktop/projects/AstroTransit/outputs_discovery/json/TIC_117956546_S57.json,/mnt/c/Users/Gamze/Desktop/projects/AstroTransit/outputs_discovery/targets/TIC_117956546/figures,117956546,NOVEL_CANDIDATE
TIC 437739969,TESS,TESS,17,437739969,0.742846,0.77,4766.0,7.7785,4.58276,3.01676554162231,27.0989540581755,9.916995566533624,10.138091625580783,197.2495194870749,10.236173609295385,3.166327111067012,6.541118004556851,0.04914274205591695,period_mismatch,False,10.236173609295385,0.05800307082106926,1768.0798205622323,2.0025474688747957,0.00028535854667044447,285.35854667044447,0.01519156754978636,0.0,0.0,0.0,0.0,0.0,0.0,0.0,1.0,1.2322980932904155,0.10981607945438983,0.08457071223592681,623.0145015567427,35.71606494815575,2.6489546390322016,230.78372461972194,6.541118004556851,6.541118004556851,0.06638067699542181,415.06060405004524,97.55397061858653,0.7696918124265933,13014,2,0.0,0.994322546779041,0.0,0.0,False,False,False,5.252288693524676,7,0,0,,50.0,C,False,,cascade_only,0.0,0.0,0,False,/mnt/c/Users/Gamze/Desktop/projects/AstroTransit/outputs_discovery/json/TIC_437739969_S17.json,/mnt/c/Users/Gamze/Desktop/projects/AstroTransit/outputs_discovery/targets/TIC_437739969/figures,437739969,NOVEL_CANDIDATE
TIC 373456697,TESS,TESS,18,373456697,0.984607,1.15,6109.0,10.0995,4.51224,3.92560172541669,74.2719026310122,14.44056258324094,8.166910804950886,1234.8810772881968,9.316177213443112,3.024844210773707,5.762523967753936,1.6935621668064955,period_mismatch,False,9.316177213443112,0.039212887435843946,1791.4275078002422,1.7798751061629041,0.0006180653104868039,618.0653104868039,0.022357556213866547,0.0,0.0,0.0,0.0,0.0,0.0,0.0,1.0,2.4038183642186413,0.2142159514132625,0.09078674076439054,887.3502768002994,146.97766314279187,1.6989838357999119,499.8603198562026,5.762523967753936,5.762523967753936,0.05474570905504455,1160.1252701235885,222.2027277591137,0.8893796816317631,15123,3,0.0,0.9846624865583312,0.0,0.02857142857142857,False,False,False,0.0,7,0,1,,50.0,C,False,,cascade_only,0.0,0.0,0,False,/mnt/c/Users/Gamze/Desktop/projects/AstroTransit/outputs_discovery/json/TIC_373456697_S18.json,/mnt/c/Users/Gamze/Desktop/projects/AstroTransit/outputs_discovery/targets/TIC_373456697/figures,373456697,NOVEL_CANDIDATE
TIC 357370384,TESS,TESS,57,357370384,0.558646,0.552966,3805.0,9.05277,4.68649,2.11366444469788,17.4242931801397,28.732057856587748,7.914242750865395,828.0965717449851,13.493917771723602,6.112102025185875,5.577352980856705,0.701388195105507,period_mismatch,False,13.493917771723602,0.028163865482396133,2853.3791588488393,1.1522470876108182,0.000415532718617051,415.532718617051,0.01833199624104096,0.0,0.0,0.0,0.0,0.0,0.0,0.0,1.0,1.1183065054231496,0.099657734376586,0.0910520022005152,415.7028240153539,7.07950480647978,4.472687050813002,336.06208618153994,5.577352980856705,5.577352980856705,0.04738947165754048,663.3102644618607,144.410671588888,0.8684116772331535,17977,3,0.0,0.991632108444395,3.780698478444997e-10,0.02857142857142857,False,False,False,0.0,7,0,1,,50.0,C,False,,cascade_only,0.0,0.0,0,False,/mnt/c/Users/Gamze/Desktop/projects/AstroTransit/outputs_discovery/json/TIC_357370384_S57.json,/mnt/c/Users/Gamze/Desktop/projects/AstroTransit/outputs_discovery/targets/TIC_357370384/figures,357370384,NOVEL_CANDIDATE
TIC 258866681,TESS,TESS,57,258866681,0.827538,0.91,5303.36,7.118,4.56153,1.2346731283706,23.2696286989997,18.596936791641955,8.072693803369736,220.639778402143,10.447391871264177,5.102079052474439,5.138577654083064,,period_mismatch,False,10.447391871264177,0.0341970785148078,2853.474148605535,2.244531502785186,0.00013421856809858745,134.21856809858747,0.010418697948867343,0.0,0.0,0.0,0.0,0.0,0.0,0.0,1.0,0.9414901726346016,0.08390077057370121,0.09063940343470747,706.7914369952977,59.16108069099389,2.26442384670774,108.54926694973258,5.138577654083064,5.138577654083064,0.0484804911985619,293.96520223338155,56.966496544880535,0.8680733958251803,17970,3,0.0,0.9978679941211169,0.0,0.0,False,False,False,3.7507427188554487,8,0,0,,50.0,C,False,,cascade_only,0.0,0.0,0,False,/mnt/c/Users/Gamze/Desktop/projects/AstroTransit/outputs_discovery/json/TIC_258866681_S57.json,/mnt/c/Users/Gamze/Desktop/projects/AstroTransit/outputs_discovery/targets/TIC_258866681/figures,258866681,NOVEL_CANDIDATE
TIC 461342461,TESS,TESS,24,461342461,0.862875,0.87,5148.0,7.8295,4.50569,2.23848988757622,66.4566594154952,13.491214385543865,8.598092500577664,354.10801580715304,9.829080389727057,4.175921353209638,5.008734744874659,0.5908899641352103,period_mismatch,False,9.829080389727057,0.10104546024722172,1957.072180374628,3.5151734785368154,0.00016348786947972815,163.48786947972815,0.011498730992667414,0.0,0.0,0.0,0.0,0.0,0.0,0.0,1.0,1.0834582943707025,0.09655224071834255,0.08573266552137754,720.3507873652997,63.83327437312838,1.9096587062605355,132.2208144417301,5.008734744874659,5.008734744874659,0.04220475307929862,512.0866710495843,97.35526293494189,0.954416223917849,18194,3,0.0,0.9947800247143458,0.0,0.0,False,False,False,0.0,8,0,0,,50.0,C,False,,cascade_only,0.0,0.0,0,False,/mnt/c/Users/Gamze/Desktop/projects/AstroTransit/outputs_discovery/json/TIC_461342461_S24.json,/mnt/c/Users/Gamze/Desktop/projects/AstroTransit/outputs_discovery/targets/TIC_461342461/figures,461342461,NOVEL_CANDIDATE
TIC 388583017,TESS,TESS,18,388583017,0.671354,0.76,4741.33,10.2463,4.66498,0.068221465327439,79.4122481445533,17.04087698337751,8.324318109493378,1468.6607697673714,11.29777069180695,2.955049596857961,4.677825644322844,,period_mismatch,False,11.29777069180695,inf,1791.1124102223698,1.1644421888495131,0.0008449797777755341,844.9797777755341,0.026141488008068002,0.0,0.0,0.0,0.0,0.0,0.0,0.0,1.0,1.9164446633488017,0.1707837093688135,0.08992856960120055,571.3889643489582,25.269600427862862,3.5419221678040356,683.3773952759632,4.677825644322844,4.677825644322844,0.056629748935466385,1264.5223188425362,273.3142565518772,0.8588217513774032,14253,3,0.0,0.9985368917098028,1.8903492392224985e-10,0.0,False,False,False,0.0,8,0,0,,50.0,C,False,,cascade_only,0.0,0.0,0,False,/mnt/c/Users/Gamze/Desktop/projects/AstroTransit/outputs_discovery/json/TIC_388583017_S18.json,/mnt/c/Users/Gamze/Desktop/projects/AstroTransit/outputs_discovery/targets/TIC_388583017/figures,388583017,NOVEL_CANDIDATE
TIC 388633951,TESS,TESS,18,388633951,0.833351,0.948,5435.0,10.5082,4.57322,1.05603091986849,82.4096590573662,22.087963603743408,8.04241352611385,1459.2395636899846,4.4720008928110815,4.6550579726280175,4.495461765454657,1.1722358894735914,period_mismatch,False,4.4720008928110815,0.020741500057308127,1791.398922747259,0.7259192112194407,0.0006202295842336891,620.2295842336891,0.022396666632536994,0.0,0.0,0.0,0.0,0.0,0.0,0.0,1.0,2.0381012008984305,0.18162511541045015,0.052187763369652244,957.9302849526339,199.621169852503,2.309960844731071,501.610676248996,4.495461765454657,4.495461765454657,0.04202364549603616,1319.896061857946,254.95035584143932,0.8195203107970499,13191,5,0.0,0.9952151823173685,2.070773839769784e-10,0.0,False,False,False,0.0,8,0,0,,50.0,C,False,,cascade_only,0.0,0.0,0,False,/mnt/c/Users/Gamze/Desktop/projects/AstroTransit/outputs_discovery/json/TIC_388633951_S18.json,/mnt/c/Users/Gamze/Desktop/projects/AstroTransit/outputs_discovery/targets/TIC_388633951/figures,388633951,NOVEL_CANDIDATE
TIC 461585810,TESS,TESS,18,461585810,0.842648,0.947,5433.0,10.1755,4.56313,1.15589646367885,86.9517517692107,22.505465579185152,8.106027685895356,1398.9087257285648,3.4897465270446957,6.258979711135817,4.2529875809407995,0.10907988218629552,period_mismatch,False,3.4897465270446957,0.008667195824696439,1791.3856463715404,0.5504950866840386,0.0004783709992016716,478.37099920167157,0.019669330075128433,0.0,0.0,0.0,0.0,0.0,0.0,0.0,1.0,1.8098815839446627,0.16128735482727363,0.044219167959903584,1046.0735859979125,283.87027974455077,2.231986480807837,386.8825456043519,4.2529875809407995,4.2529875809407995,0.03707391599138,1143.2233621270536,225.06173835993093,0.8604220833499561,14320,7,0.0,0.9911573808301751,2.4750481367540815e-10,0.0,False,False,False,62.91979610784093,8,0,0,,50.0,C,False,,cascade_only,0.0,0.0,0,False,/mnt/c/Users/Gamze/Desktop/projects/AstroTransit/outputs_discovery/json/TIC_461585810_S18.json,/mnt/c/Users/Gamze/Desktop/projects/AstroTransit/outputs_discovery/targets/TIC_461585810/figures,461585810,NOVEL_CANDIDATE
TIC 327000122,TESS,TESS,17,327000122,0.675652,0.0,4284.39,8.2634,0.0,2.8381104228954,58.3499139335102,9.344652526513677,8.003630066100245,284.37781334267333,0.0,0.0,0.0,999.0,period_mismatch,False,0.0,0.0,0.0,0.0,0.0,0.0,0.0,0.0,0.0,0.0,0.0,0.0,0.0,0.0,1.0,0.0,0.0,0.0,0.0,0.0,0.0,0.0,0.0,0.0,0.0,491.6220608473552,114.30370503424952,0.7760727941879157,12858,0,0.0,0.0,0.0,0.3125,False,False,True,0.0,4,1,0,odd_even_mismatch,50.0,C,False,,cascade_only,0.0,0.0,0,False,/mnt/c/Users/Gamze/Desktop/projects/AstroTransit/outputs_discovery/json/TIC_327000122_S17.json,/mnt/c/Users/Gamze/Desktop/projects/AstroTransit/outputs_discovery/targets/TIC_327000122/figures,327000122,NOVEL_CANDIDATE
TIC 388604517,TESS,TESS,18,388604517,0.782033,0.0,4720.0,10.7118,0.0,0.610530364787658,83.8284301012586,12.031637049953192,8.749342600511175,1918.5352969034452,0.0,0.0,0.0,999.0,period_mismatch,False,0.0,0.0,0.0,0.0,0.0,0.0,0.0,0.0,0.0,0.0,0.0,0.0,0.0,0.0,1.0,0.0,0.0,0.0,0.0,0.0,0.0,0.0,0.0,0.0,0.0,1463.861485206588,284.1048214166211,0.8268176100585426,13430,0,0.0,0.0,0.0,0.3125,False,False,True,0.0,4,1,0,odd_even_mismatch,50.0,C,False,,cascade_only,0.0,0.0,0,False,/mnt/c/Users/Gamze/Desktop/projects/AstroTransit/outputs_discovery/json/TIC_388604517_S18.json,/mnt/c/Users/Gamze/Desktop/projects/AstroTransit/outputs_discovery/targets/TIC_388604517/figures,388604517,NOVEL_CANDIDATE
TIC 405189795,TESS,TESS,42,405189795,0.763642,0.67,4298.0,9.7052,4.49836,3.62297353594702,7.80675752693826,14.930452763292626,7.213494688767435,850.5780539778129,10.162978184995614,3.53530179518996,5.843320437055486,1.2760144798291257,period_mismatch,False,10.162978184995614,0.05275229265120096,2452.581174527442,1.806859546914374,0.0006032256513645029,603.2256513645029,0.022087524658527077,0.0,0.0,0.0,0.0,0.0,0.0,0.0,1.0,1.8418372499180853,0.16413507971840374,0.08035327474367396,584.4054279751495,27.652088980281995,2.1217076743430185,487.8587455410417,5.843320437055486,5.843320437055486,0.06435822519705323,928.0602737784602,191.95040343115562,0.6681741099922018,11055,2,0.0,0.9997054844572144,0.0,0.015789473684210527,False,False,False,18.078304564239644,6,0,1,,49.76651059750894,C,False,,cascade_only,0.0,0.0,0,False,/mnt/c/Users/Gamze/Desktop/projects/AstroTransit/outputs_discovery/json/TIC_405189795_S42.json,/mnt/c/Users/Gamze/Desktop/projects/AstroTransit/outputs_discovery/targets/TIC_405189795/figures,405189795,NOVEL_CANDIDATE
TIC 58732360,TESS,TESS,42,58732360,0.832237,0.64,4088.0,9.4103,4.40375,3.28835044918008,5.59527917955405,0.30853483054364833,9442.9021660176,408981.26167102344,0.6168909345576964,16.319193782315473,59.30254913132582,0.15306742215205096,confirmed,True,0.6170743685461064,0.0006168909345576964,2448.3549470922135,0.7049817965223409,0.47827597274285694,478275.97274285695,0.4959857471272947,0.0,0.0,3.158101893299437,90.0,1.0,1.0,-1.7533182894329,0.9683645591852339,45.074468544088425,4.01680522428226,0.012225021943597907,1487.6963261357344,1161.2564620044284,1.5657379493183066,246001.86135342074,59.30254913132582,59.30254913132582,0.6916094780337567,200083.39748409303,170047.99376686566,0.668874403330252,11090,38,173204.97630946536,0.9965234724191618,5.887778688386486e-09,0.3904761904761905,True,True,False,327942.2344823526,4,2,2,secondary_eclipse | stellar_variability,0.0,X,True,"Aktif yıldız + transit: LS_power=0.81, P_rot=0.15d | Fiziksel disi yaricap: 45.1 R_earth",map,3702.8037865725078,0.0,0,False,/mnt/c/Users/Gamze/Desktop/projects/AstroTransit/outputs_discovery/json/TIC_58732360_S42.json,/mnt/c/Users/Gamze/Desktop/projects/AstroTransit/outputs_discovery/targets/TIC_58732360/figures,58732360,NOVEL_CANDIDATE
